2000-01-04,Egypt,Togo,2,1,Friendly,Aswan,Egypt
2000-01-07,Tunisia,Togo,7,0,Friendly,Tunis,Tunisia
2000-01-08,Trinidad and Tobago,Canada,0,0,Friendly,Port of Spain,Trinidad and Tobago
2000-01-09,Burkina Faso,Gabon,1,1,Friendly,Ouagadougou,Burkina Faso
2000-01-09,Guatemala,Armenia,1,1,Friendly,Los Angeles,USA
2000-01-09,Côte d'Ivoire,Egypt,2,0,Friendly,Abidjan,Côte d'Ivoire
2000-01-09,Mexico,IR Iran,2,1,Friendly,Oakland,USA
2000-01-11,Bermuda,Canada,0,2,Friendly,Hamilton,Bermuda
2000-01-11,Burkina Faso,Cameroon,2,2,Friendly,Ouagadougou,Burkina Faso
2000-01-13,Senegal,Cameroon,0,0,Friendly,Dakar,Senegal
2000-01-14,China PR,New Zealand,1,0,Friendly,Guangzhou,China PR
2000-01-16,Jamaica,New Zealand,2,1,Friendly,Guangzhou,China PR
2000-01-16,USA,IR Iran,1,1,Friendly,Pasadena,USA
2000-01-18,Ghana,Tunisia,2,0,Friendly,Accra,Ghana
2000-01-18,Morocco,Trinidad and Tobago,1,0,Friendly,El Jadida,Morocco
2000-01-19,Panama,Guatemala,2,0,Friendly,Panama City,Panama
2000-01-19,Togo,Egypt,1,0,Friendly,Lomé,Togo
2000-01-20,Burkina Faso,Algeria,1,0,Friendly,Ouagadougou,Burkina Faso
2000-01-20,Malta,Qatar,2,0,Friendly,Attard,Malta
2000-01-21,New Zealand,Korea Republic,0,1,Friendly,Auckland,New Zealand
2000-01-22,Ghana,Cameroon,1,1,African Cup of Nations,Accra,Ghana
2000-01-23,China PR,Philippines,8,0,AFC Asian Cup qualification,Hanoi,Vietnam
2000-01-23,Egypt,Zambia,2,0,African Cup of Nations,Kano,Nigeria
2000-01-23,New Zealand,Korea Republic,0,0,Friendly,Palmerston North,New Zealand
2000-01-23,Nigeria,Tunisia,4,2,African Cup of Nations,Lagos,Nigeria
2000-01-23,South Africa,Gabon,3,1,African Cup of Nations,Kumasi,Ghana
2000-01-23,Vietnam,Guam,11,0,AFC Asian Cup qualification,Hanoi,Vietnam
2000-01-24,Congo DR,Algeria,0,0,African Cup of Nations,Kumasi,Ghana
2000-01-24,Côte d'Ivoire,Togo,1,1,African Cup of Nations,Accra,Ghana
2000-01-24,Qatar,Bosnia and Herzegovina,2,0,Friendly,Doha,Qatar
2000-01-25,Burkina Faso,Senegal,1,3,African Cup of Nations,Kano,Nigeria
2000-01-25,Morocco,Congo,1,0,African Cup of Nations,Lagos,Nigeria
2000-01-26,China PR,Guam,19,0,AFC Asian Cup qualification,Hanoi,Vietnam
2000-01-26,Costa Rica,Trinidad and Tobago,2,1,Friendly,San José,Costa Rica
2000-01-26,Guatemala,Panama,1,1,Friendly,Guatemala,Guatemala
2000-01-26,Spain,Poland,3,0,Friendly,Cartagena,Spain
2000-01-26,Uganda,Libya,3,2,Friendly,Kampala,Uganda
2000-01-26,Vietnam,Philippines,3,0,AFC Asian Cup qualification,Hanoi,Vietnam
2000-01-27,Ghana,Togo,2,0,African Cup of Nations,Accra,Ghana
2000-01-27,South Africa,Congo DR,1,0,African Cup of Nations,Kumasi,Ghana
2000-01-28,Cameroon,Côte d'Ivoire,3,0,African Cup of Nations,Accra,Ghana
2000-01-28,Egypt,Senegal,1,0,African Cup of Nations,Kano,Nigeria
2000-01-28,Nigeria,Congo,0,0,African Cup of Nations,Lagos,Nigeria
2000-01-28,US Virgin Islands,St. Lucia,0,9,Friendly,Saint Croix,US Virgin Islands
2000-01-29,Algeria,Gabon,3,1,African Cup of Nations,Kumasi,Ghana
2000-01-29,Chile,USA,1,2,Friendly,Coquimbo,Chile
2000-01-29,Philippines,Guam,2,0,AFC Asian Cup qualification,Hanoi,Vietnam
2000-01-29,Tunisia,Morocco,0,0,African Cup of Nations,Lagos,Nigeria
2000-01-29,Vietnam,China PR,0,2,AFC Asian Cup qualification,Hanoi,Vietnam
2000-01-29,Zambia,Burkina Faso,1,1,African Cup of Nations,Kano,Nigeria
2000-01-30,US Virgin Islands,St. Lucia,0,2,Friendly,Saint Croix,US Virgin Islands
2000-01-31,Cameroon,Togo,0,1,African Cup of Nations,Kumasi,Ghana
2000-01-31,Faroe Islands,Finland,0,1,Nordic Championship,Cartagena,Spain
2000-01-31,Ghana,Côte d'Ivoire,0,2,African Cup of Nations,Accra,Ghana
2000-01-31,Iceland,Norway,0,0,Nordic Championship,Cartagena,Spain
2000-01-31,Kuwait,Syria,4,0,Friendly,Kuwait City,Kuwait
2000-02-01,British Virgin Islands,St. Lucia,2,3,Friendly,Road Town,British Virgin Islands
2000-02-01,Egypt,Burkina Faso,4,2,African Cup of Nations,Kano,Nigeria
2000-02-01,Zambia,Senegal,2,2,African Cup of Nations,Lagos,Nigeria
2000-02-02,Armenia,Moldova,2,1,Cyprus International Tournament,Larnaca,Cyprus
2000-02-02,Congo DR,Gabon,0,0,African Cup of Nations,Accra,Ghana
2000-02-02,Costa Rica,Chile,1,0,Friendly,San José,Costa Rica
2000-02-02,Cyprus,Lithuania,2,1,Cyprus International Tournament,Limassol,Cyprus
2000-02-02,Finland,Iceland,0,1,Nordic Championship,Cartagena,Spain
2000-02-02,Romania,Latvia,2,0,Cyprus International Tournament,Paphos,Cyprus
2000-02-02,South Africa,Algeria,1,1,African Cup of Nations,Kumasi,Ghana
2000-02-02,St. Kitts and Nevis,St. Lucia,0,1,Friendly,Basseterre,St. Kitts and Nevis
2000-02-03,Nigeria,Morocco,2,0,African Cup of Nations,Lagos,Nigeria
2000-02-03,Tunisia,Congo,1,0,African Cup of Nations,Kano,Nigeria
2000-02-04,Cyprus,Armenia,3,2,Cyprus International Tournament,Nicosia,Cyprus
2000-02-04,Faroe Islands,Iceland,2,3,Nordic Championship,Cartagena,Spain
2000-02-04,Kuwait,IR Iran,1,1,Friendly,Kuwait City,Kuwait
2000-02-04,Moldova,Lithuania,2,1,Cyprus International Tournament,Larnaca,Cyprus
2000-02-04,Norway,Sweden,1,1,Nordic Championship,Cartagena,Spain
2000-02-04,Romania,Georgia,1,1,Cyprus International Tournament,Larnaca,Cyprus
2000-02-05,Guatemala,Chile,2,1,Friendly,Guatemala,Guatemala
2000-02-05,Japan,Mexico,0,1,Lunar New Year Cup,So Kon Po,Hong Kong
2000-02-06,Albania,Andorra,3,0,Malta International Tournament,Attard,Malta
2000-02-06,Cameroon,Algeria,2,1,African Cup of Nations,Accra,Ghana
2000-02-06,Cayman Islands,Jamaica,0,0,Friendly,George Town,Cayman Islands
2000-02-06,Cyprus,Romania,3,2,Cyprus International Tournament,Nicosia,Cyprus
2000-02-06,Georgia,Armenia,2,1,Cyprus International Tournament,Limassol,Cyprus
2000-02-06,Ghana,South Africa,0,1,African Cup of Nations,Kumasi,Ghana
2000-02-06,Latvia,Lithuania,1,2,Cyprus International Tournament,Larnaca,Cyprus
2000-02-06,Malta,Azerbaijan,3,0,Malta International Tournament,Attard,Malta
2000-02-07,Egypt,Tunisia,0,1,African Cup of Nations,Kano,Nigeria
2000-02-07,Nigeria,Senegal,2,1,African Cup of Nations,Lagos,Nigeria
2000-02-07,Singapore,Malaysia,3,1,Friendly,Singapore,Singapore
2000-02-08,Albania,Azerbaijan,1,0,Malta International Tournament,Attard,Malta
2000-02-08,Malta,Andorra,1,1,Malta International Tournament,Attard,Malta
2000-02-08,Mexico,Czech Republic,1,2,Lunar New Year Cup,So Kon Po,Hong Kong
2000-02-08,Syria,Korea DPR,5,1,Friendly,Damascus,Syria
2000-02-09,Bulgaria,Slovakia,1,0,Friendly,Valparaíso,Chile
2000-02-09,Cayman Islands,Jamaica,0,1,Friendly,George Town,Cayman Islands
2000-02-09,Chile,Australia,2,1,Friendly,Valparaíso,Chile
2000-02-09,Honduras,El Salvador,5,1,Friendly,San Pedro Sula,Honduras
2000-02-10,Andorra,Azerbaijan,0,0,Malta International Tournament,Attard,Malta
2000-02-10,Cameroon,Tunisia,3,0,African Cup of Nations,Accra,Ghana
2000-02-10,Hong Kong,Singapore,0,0,Friendly,Victoria,Hong Kong
2000-02-10,Kuwait,Turkmenistan,6,1,AFC Asian Cup qualification,Kuwait City,Kuwait
2000-02-10,Malta,Albania,0,1,Malta International Tournament,Attard,Malta
2000-02-10,Nepal,Yemen,0,3,AFC Asian Cup qualification,Kuwait City,Kuwait
2000-02-10,Nigeria,South Africa,2,0,African Cup of Nations,Lagos,Nigeria
2000-02-12,Australia,Slovakia,0,0,Friendly,Valparaíso,Chile
2000-02-12,Chile,Bulgaria,3,2,Friendly,Valparaíso,Chile
2000-02-12,Colombia,Jamaica,1,0,Gold Cup,Miami,USA
2000-02-12,South Africa,Tunisia,2,2,African Cup of Nations,Accra,Ghana
2000-02-12,USA,Haiti,3,0,Gold Cup,Miami,USA
2000-02-12,Yemen,Turkmenistan,0,1,AFC Asian Cup qualification,Kuwait City,Kuwait
2000-02-13,Costa Rica,Canada,2,2,Gold Cup,San Diego,USA
2000-02-13,Dominican Republic,British Virgin Islands,1,0,Friendly,Santo Domingo,Dominican Republic
2000-02-13,Macau,Brunei Darussalam,1,0,AFC Asian Cup qualification,Macau,Macau
2000-02-13,Mexico,Trinidad and Tobago,4,0,Gold Cup,San Diego,USA
2000-02-13,Nigeria,Cameroon,2,2,African Cup of Nations,Lagos,Nigeria
2000-02-13,Singapore,Japan,0,3,AFC Asian Cup qualification,Macau,Macau
2000-02-13,Syria,Korea DPR,0,0,Friendly,Damascus,Syria
2000-02-14,Haiti,Peru,1,1,Gold Cup,Miami,USA
2000-02-14,Jamaica,Honduras,0,2,Gold Cup,Miami,USA
2000-02-14,Turkmenistan,Nepal,5,0,AFC Asian Cup qualification,Kuwait City,Kuwait
2000-02-15,Australia,Bulgaria,1,1,Friendly,Valparaíso,Chile
2000-02-15,Canada,Korea Republic,0,0,Gold Cup,Los Angeles,USA
2000-02-15,Chile,Slovakia,0,2,Friendly,Valparaíso,Chile
2000-02-15,Malaysia,Maldives,2,0,Friendly,Kuala Lumpur,Malaysia
2000-02-15,Trinidad and Tobago,Guatemala,4,2,Gold Cup,Los Angeles,USA
2000-02-16,Honduras,Colombia,2,0,Gold Cup,Miami,USA
2000-02-16,Japan,Brunei Darussalam,9,0,AFC Asian Cup qualification,Macau,Macau
2000-02-16,Kuwait,Yemen,2,0,AFC Asian Cup qualification,Kuwait City,Kuwait
2000-02-16,Lebanon,Korea DPR,1,0,Friendly,Beirut,Lebanon
2000-02-16,Macau,Singapore,0,1,AFC Asian Cup qualification,Macau,Macau
2000-02-16,Panama,El Salvador,4,1,Friendly,Panama City,Panama
2000-02-16,USA,Peru,1,0,Gold Cup,Miami,USA
2000-02-17,Barbados,St. Kitts and Nevis,1,0,Friendly,Bridgetown,Barbados
2000-02-17,Korea Republic,Costa Rica,2,2,Gold Cup,Los Angeles,USA
2000-02-17,Malaysia,Maldives,3,0,Friendly,Kuala Lumpur,Malaysia
2000-02-17,Mexico,Guatemala,1,1,Gold Cup,Los Angeles,USA
2000-02-18,Kuwait,Nepal,5,0,AFC Asian Cup qualification,Kuwait City,Kuwait
2000-02-19,Dominica,Antigua and Barbuda,2,0,Friendly,Roseau,Dominica
2000-02-19,Honduras,Peru,3,5,Gold Cup,Miami,USA
2000-02-19,Oman,Switzerland,1,4,Friendly,Muscat,Oman
2000-02-19,United Arab Emirates,Slovenia,1,1,Friendly,Muscat,Oman
2000-02-19,USA,Colombia,2,2,Gold Cup,Miami,USA
2000-02-20,Costa Rica,Trinidad and Tobago,1,2,Gold Cup,San Diego,USA
2000-02-20,Lesotho,Eswatini,1,0,Friendly,Maseru,Lesotho
2000-02-20,Macau,Japan,0,3,AFC Asian Cup qualification,Macau,Macau
2000-02-20,Mexico,Canada,1,2,Gold Cup,San Diego,USA
2000-02-20,Singapore,Brunei Darussalam,1,0,AFC Asian Cup qualification,Macau,Macau
2000-02-20,Thailand,Finland,0,0,King's Cup,Bangkok,Thailand
2000-02-21,Oman,United Arab Emirates,0,1,Friendly,Muscat,Oman
2000-02-23,Belgium,Portugal,1,1,Friendly,Charleroi,Belgium
2000-02-23,Colombia,Peru,2,1,Gold Cup,San Diego,USA
2000-02-23,Croatia,Spain,0,0,Friendly,Split,Croatia
2000-02-23,England,Argentina,0,0,Friendly,London,England
2000-02-23,Estonia,Finland,2,4,King's Cup,Bangkok,Thailand
2000-02-23,France,Poland,1,0,Friendly,Saint-Denis,France
2000-02-23,Greece,Austria,4,1,Friendly,Kalamáta,Greece
2000-02-23,Hungary,Australia,0,3,Friendly,Budapest,Hungary
2000-02-23,Republic of Ireland,Czech Republic,3,2,Friendly,Dublin,Republic of Ireland
2000-02-23,Israel,Russia,4,1,Friendly,Haifa,Israel
2000-02-23,Italy,Sweden,1,0,Friendly,Palermo,Italy
2000-02-23,Lebanon,Jordan,1,1,Friendly,Tripoli,Lebanon
2000-02-23,Luxembourg,Northern Ireland,1,3,Friendly,Luxembourg,Luxembourg
2000-02-23,Netherlands,Germany,2,1,Friendly,Amsterdam,Netherlands
2000-02-23,Oman,Slovenia,0,4,Friendly,Muscat,Oman
2000-02-23,Qatar,Wales,0,1,Friendly,Doha,Qatar
2000-02-23,Thailand,Brazil,0,7,King's Cup,Bangkok,Thailand
2000-02-23,Turkey,Norway,0,2,Friendly,Istanbul,Turkey
2000-02-23,United Arab Emirates,Switzerland,1,0,Friendly,Muscat,Oman
2000-02-24,Trinidad and Tobago,Canada,0,1,Gold Cup,Los Angeles,USA
2000-02-25,British Virgin Islands,Anguilla,3,4,Friendly,Road Town,British Virgin Islands
2000-02-25,Thailand,Estonia,2,1,King's Cup,Bangkok,Thailand
2000-02-27,Botswana,Lesotho,1,0,Friendly,Gaborone,Botswana
2000-02-27,British Virgin Islands,Anguilla,5,0,Friendly,Road Town,British Virgin Islands
2000-02-27,Canada,Colombia,2,0,Gold Cup,Los Angeles,USA
2000-02-27,Thailand,Finland,5,1,King's Cup,Bangkok,Thailand
2000-02-29,Barbados,Antigua and Barbuda,2,2,Friendly,Bridgetown,Barbados
2000-02-29,El Salvador,Panama,3,1,Friendly,San Salvador,El Salvador
2000-02-29,Uzbekistan,Mongolia,8,1,Friendly,Tashkent,Uzbekistan
2000-03-01,Zambia,Lesotho,2,0,Friendly,Lusaka,Zambia
2000-03-04,Honduras,Nicaragua,3,0,FIFA World Cup qualification,San Pedro Sula,Honduras
2000-03-05,Anguilla,Bahamas,1,3,FIFA World Cup qualification,The Valley,Anguilla
2000-03-05,Barbados,Grenada,2,2,FIFA World Cup qualification,Bridgetown,Barbados
2000-03-05,Bolivia,Haiti,9,2,Friendly,La Paz,Bolivia
2000-03-05,British Virgin Islands,Bermuda,1,5,FIFA World Cup qualification,Road Town,British Virgin Islands
2000-03-05,Cuba,Cayman Islands,4,0,FIFA World Cup qualification,Havana,Cuba
2000-03-05,Dominican Republic,Montserrat,3,0,FIFA World Cup qualification,San Cristóbal,Dominican Republic
2000-03-05,El Salvador,Belize,5,0,FIFA World Cup qualification,San Salvador,El Salvador
2000-03-05,Ethiopia,Sudan,1,0,Friendly,Addis Ababa,Ethiopia
2000-03-05,St. Lucia,Suriname,1,0,FIFA World Cup qualification,Castries,St. Lucia
2000-03-05,St. Vincent and the Grenadines,US Virgin Islands,9,0,FIFA World Cup qualification,Kingstown,St. Vincent and the Grenadines
2000-03-05,Zimbabwe,Lesotho,2,1,COSAFA Cup,Harare,Zimbabwe
2000-03-06,Syria,Jordan,0,0,Friendly,Damascus,Syria
2000-03-08,Ecuador,Honduras,1,3,Friendly,Quito,Ecuador
2000-03-08,Jordan,Lebanon,1,1,Friendly,Amman,Jordan
2000-03-09,Cuba,Nicaragua,4,0,Friendly,Havana,Cuba
2000-03-10,Qatar,Sudan,3,0,Friendly,Doha,Qatar
2000-03-11,Aruba,Puerto Rico,4,2,FIFA World Cup qualification,Oranjestad,Aruba
2000-03-11,Haiti,Dominica,4,0,FIFA World Cup qualification,Port-au-Prince,Haiti
2000-03-11,Jordan,Bosnia and Herzegovina,0,0,Friendly,Zarqa,Jordan
2000-03-12,USA,Tunisia,1,1,Friendly,Birmingham,USA
2000-03-12,Zambia,Malawi,1,1,Friendly,Kitwe,Zambia
2000-03-13,Jordan,Syria,0,0,Friendly,Amman,Jordan
2000-03-13,Zambia,Malawi,0,1,Friendly,Lusaka,Zambia
2000-03-15,Japan,China PR,0,0,Friendly,Kobe,Japan
2000-03-15,Jordan,Bosnia and Herzegovina,1,2,Friendly,Zarqa,Jordan
2000-03-16,Venezuela,Bolivia,0,0,Friendly,Maracaibo,Venezuela
2000-03-17,Jordan,Syria,0,0,Friendly,Amman,Jordan
2000-03-18,Grenada,Barbados,2,3,FIFA World Cup qualification,St. George's,Grenada
2000-03-18,Puerto Rico,Aruba,2,2,FIFA World Cup qualification,San Juan,Puerto Rico
2000-03-18,St. Kitts and Nevis,Turks and Caicos Islands,8,0,FIFA World Cup qualification,Basseterre,St. Kitts and Nevis
2000-03-19,Bahamas,Anguilla,2,1,FIFA World Cup qualification,Nassau,Bahamas
2000-03-19,Belize,Guatemala,1,2,FIFA World Cup qualification,San Pedro Sula,Honduras
2000-03-19,Bermuda,British Virgin Islands,9,0,FIFA World Cup qualification,Hamilton,Bermuda
2000-03-19,Botswana,Eswatini,3,0,Friendly,Gaborone,Botswana
2000-03-19,Cayman Islands,Cuba,0,0,FIFA World Cup qualification,George Town,Cayman Islands
2000-03-19,Dominica,Haiti,1,3,FIFA World Cup qualification,Roseau,Dominica
2000-03-19,Montserrat,Dominican Republic,1,3,FIFA World Cup qualification,Port of Spain,Trinidad and Tobago
2000-03-19,Nicaragua,Panama,0,2,FIFA World Cup qualification,Diriamba,Nicaragua
2000-03-19,Suriname,St. Lucia,1,0,FIFA World Cup qualification,Paramaribo,Suriname
2000-03-19,US Virgin Islands,St. Vincent and the Grenadines,1,5,FIFA World Cup qualification,Frederiksted,US Virgin Islands
2000-03-20,Bahrain,Kazakhstan,0,1,Friendly,Manama,Bahrain
2000-03-21,Namibia,Zimbabwe,2,1,Friendly,Windhoek,Namibia
2000-03-21,St. Kitts and Nevis,Turks and Caicos Islands,6,0,FIFA World Cup qualification,Basseterre,St. Kitts and Nevis
2000-03-22,Bahrain,Qatar,1,0,Friendly,Manama,Bahrain
2000-03-22,Chile,Honduras,5,2,Friendly,Santiago,Chile
2000-03-22,Cyprus,IR Iran,0,0,Friendly,Nicosia,Cyprus
2000-03-24,Gambia,Mauritania,0,0,Friendly,Banjul,Gambia
2000-03-25,Bahrain,Jordan,1,1,Friendly,Manama,Bahrain
2000-03-25,Malaysia,Chinese Taipei,3,0,AFC Asian Cup qualification,Kuala Lumpur,Malaysia
2000-03-25,Tanzania,Malawi,1,1,Friendly,Morogoro,Tanzania
2000-03-25,Thailand,Korea DPR,0,0,AFC Asian Cup qualification,Kuala Lumpur,Malaysia
2000-03-25,Zambia,Botswana,3,0,COSAFA Cup,Lusaka,Zambia
2000-03-26,Tanzania,Malawi,4,3,Friendly,Dar es Salaam,Tanzania
2000-03-27,Malaysia,Korea DPR,1,1,AFC Asian Cup qualification,Kuala Lumpur,Malaysia
2000-03-27,Thailand,Chinese Taipei,2,0,AFC Asian Cup qualification,Kuala Lumpur,Malaysia
2000-03-28,Colombia,Brazil,0,0,FIFA World Cup qualification,Bogotá,Colombia
2000-03-28,El Salvador,Haiti,3,1,Friendly,San Salvador,El Salvador
2000-03-28,Malta,Northern Ireland,0,3,Friendly,Attard,Malta
2000-03-29,Argentina,Chile,4,1,FIFA World Cup qualification,Buenos Aires,Argentina
2000-03-29,Austria,Sweden,1,1,Friendly,Graz,Austria
2000-03-29,Belgium,Netherlands,2,2,Friendly,Brussels,Belgium
2000-03-29,Bosnia and Herzegovina,North Macedonia,1,0,Friendly,Zenica,Bosnia and Herzegovina
2000-03-29,Bulgaria,Belarus,4,1,Friendly,Sofia,Bulgaria
2000-03-29,Croatia,Germany,1,1,Friendly,Zagreb,Croatia
2000-03-29,Czech Republic,Australia,3,1,Friendly,Teplice,Czech Republic
2000-03-29,Ecuador,Venezuela,2,0,FIFA World Cup qualification,Quito,Ecuador
2000-03-29,Greece,Romania,2,0,Friendly,Athens,Greece
2000-03-29,Hungary,Poland,0,0,Friendly,Debrecen,Hungary
2000-03-29,Israel,Georgia,1,1,Friendly,Ashkelon,Israel
2000-03-29,Malaysia,Thailand,3,2,AFC Asian Cup qualification,Kuala Lumpur,Malaysia
2000-03-29,Peru,Paraguay,2,0,FIFA World Cup qualification,Lima,Peru
2000-03-29,Portugal,Denmark,2,1,Friendly,Leiria,Portugal
2000-03-29,Scotland,France,0,2,Friendly,Glasgow,Scotland
2000-03-29,Spain,Italy,2,0,Friendly,Barcelona,Spain
2000-03-29,Switzerland,Norway,2,2,Friendly,Lugano,Switzerland
2000-03-29,Uruguay,Bolivia,1,0,FIFA World Cup qualification,Montevideo,Uruguay
2000-03-29,Wales,Finland,1,2,Friendly,Cardiff,Wales
2000-03-31,Gambia,Mauritania,0,0,Friendly,Banjul,Gambia
2000-03-31,Jordan,Kazakhstan,0,1,AFC Asian Cup qualification,Doha,Qatar
2000-03-31,Maldives,IR Iran,0,8,AFC Asian Cup qualification,Damascus,Syria
2000-03-31,Qatar,Palestine,1,0,AFC Asian Cup qualification,Doha,Qatar
2000-03-31,Syria,Bahrain,1,0,AFC Asian Cup qualification,Damascus,Syria
2000-04-01,Aruba,Barbados,1,3,FIFA World Cup qualification,Oranjestad,Aruba
2000-04-01,Haiti,Bahamas,9,0,FIFA World Cup qualification,Port-au-Prince,Haiti
2000-04-01,Zambia,Kenya,1,0,Friendly,Lusaka,Zambia
2000-04-02,Bahrain,Maldives,4,1,AFC Asian Cup qualification,Damascus,Syria
2000-04-02,Cuba,Suriname,1,0,FIFA World Cup qualification,Havana,Cuba
2000-04-02,Guatemala,El Salvador,0,1,FIFA World Cup qualification,Guatemala,Guatemala
2000-04-02,Palestine,Pakistan,2,0,AFC Asian Cup qualification,Doha,Qatar
2000-04-02,Panama,Honduras,1,0,FIFA World Cup qualification,Panama City,Panama
2000-04-02,Qatar,Kazakhstan,3,1,AFC Asian Cup qualification,Doha,Qatar
2000-04-02,Syria,IR Iran,0,1,AFC Asian Cup qualification,Damascus,Syria
2000-04-02,Trinidad and Tobago,Dominican Republic,3,0,FIFA World Cup qualification,Port of Spain,Trinidad and Tobago
2000-04-04,Bahrain,IR Iran,1,0,AFC Asian Cup qualification,Damascus,Syria
2000-04-04,Malaysia,Chinese Taipei,2,3,AFC Asian Cup qualification,Bangkok,Thailand
2000-04-04,Palestine,Jordan,1,5,AFC Asian Cup qualification,Doha,Qatar
2000-04-04,Qatar,Pakistan,5,0,AFC Asian Cup qualification,Doha,Qatar
2000-04-04,Syria,Maldives,2,1,AFC Asian Cup qualification,Damascus,Syria
2000-04-04,Thailand,Korea DPR,5,3,AFC Asian Cup qualification,Bangkok,Thailand
2000-04-05,Myanmar,Mongolia,2,0,AFC Asian Cup qualification,Seoul,Korea Republic
2000-04-05,Korea Republic,Laos,9,0,AFC Asian Cup qualification,Seoul,Korea Republic
2000-04-06,Kazakhstan,Palestine,2,0,AFC Asian Cup qualification,Doha,Qatar
2000-04-06,Malaysia,Korea DPR,1,4,AFC Asian Cup qualification,Bangkok,Thailand
2000-04-06,Pakistan,Jordan,0,5,AFC Asian Cup qualification,Doha,Qatar
2000-04-06,Thailand,Chinese Taipei,1,0,AFC Asian Cup qualification,Bangkok,Thailand
2000-04-07,Myanmar,Laos,4,0,AFC Asian Cup qualification,Seoul,Korea Republic
2000-04-07,Djibouti,Congo DR,1,1,FIFA World Cup qualification,Djibouti,Djibouti
2000-04-07,Korea Republic,Mongolia,6,0,AFC Asian Cup qualification,Seoul,Korea Republic
2000-04-07,Mauritania,Tunisia,1,2,FIFA World Cup qualification,Nouakchott,Mauritania
2000-04-08,Botswana,Zambia,0,1,FIFA World Cup qualification,Gaborone,Botswana
2000-04-08,Fiji,Papua New Guinea,5,0,Oceania Nations Cup qualification,Suva,Fiji
2000-04-08,Guinea-Bissau,Togo,0,0,FIFA World Cup qualification,Bissau,Guinea-Bissau
2000-04-08,Madagascar,Gabon,2,0,FIFA World Cup qualification,Antananarivo,Madagascar
2000-04-08,Malawi,Kenya,2,0,FIFA World Cup qualification,Blantyre,Malawi
2000-04-08,Pakistan,Kazakhstan,0,4,AFC Asian Cup qualification,Doha,Qatar
2000-04-08,Qatar,Jordan,2,2,AFC Asian Cup qualification,Doha,Qatar
2000-04-08,São Tomé and Príncipe,Sierra Leone,2,0,FIFA World Cup qualification,São Tomé,São Tomé and Príncipe
2000-04-08,Seychelles,Namibia,1,1,FIFA World Cup qualification,Victoria,Seychelles
2000-04-08,Tanzania,Ghana,0,1,FIFA World Cup qualification,Arusha,Tanzania
2000-04-08,Thailand,Malaysia,3,2,AFC Asian Cup qualification,Bangkok,Thailand
2000-04-08,Uganda,Guinea,4,4,FIFA World Cup qualification,Kampala,Uganda
2000-04-09,Benin,Senegal,1,1,FIFA World Cup qualification,Cotonou,Benin
2000-04-09,Cabo Verde,Algeria,0,0,FIFA World Cup qualification,Mindelo,Cabo Verde
2000-04-09,Central African Republic,Zimbabwe,0,1,FIFA World Cup qualification,Bangui,Central African Republic
2000-04-09,Chad,Liberia,0,1,FIFA World Cup qualification,N'Djamena,Chad
2000-04-09,Equatorial Guinea,Congo,1,3,FIFA World Cup qualification,Malabo,Equatorial Guinea
2000-04-09,Eritrea,Nigeria,0,0,FIFA World Cup qualification,Asmara,Eritrea
2000-04-09,Ethiopia,Burkina Faso,2,1,FIFA World Cup qualification,Addis Ababa,Ethiopia
2000-04-09,Gambia,Morocco,0,1,FIFA World Cup qualification,Bakau,Gambia
2000-04-09,IR Iran,Bahrain,3,0,AFC Asian Cup qualification,Tehran,IR Iran
2000-04-09,Korea Republic,Myanmar,4,0,AFC Asian Cup qualification,Seoul,Korea Republic
2000-04-09,Laos,Mongolia,2,1,AFC Asian Cup qualification,Seoul,Korea Republic
2000-04-09,Lesotho,South Africa,0,2,FIFA World Cup qualification,Maseru,Lesotho
2000-04-09,Libya,Mali,3,0,FIFA World Cup qualification,Tripoli,Libya
2000-04-09,Rwanda,Côte d'Ivoire,2,2,FIFA World Cup qualification,Kigali,Rwanda
2000-04-09,Sudan,Mozambique,1,0,FIFA World Cup qualification,Omdurman,Sudan
2000-04-09,Eswatini,Angola,0,1,FIFA World Cup qualification,Lobamba,Eswatini
2000-04-09,Syria,Maldives,2,1,AFC Asian Cup qualification,Tehran,IR Iran
2000-04-10,Solomon Islands,Vanuatu,2,1,Oceania Nations Cup qualification,Suva,Fiji
2000-04-11,Bahrain,Maldives,1,0,AFC Asian Cup qualification,Tehran,IR Iran
2000-04-11,Fiji,Vanuatu,4,1,Oceania Nations Cup qualification,Suva,Fiji
2000-04-11,IR Iran,Syria,1,1,AFC Asian Cup qualification,Tehran,IR Iran
2000-04-12,Ethiopia,Congo DR,1,2,Friendly,Addis Ababa,Ethiopia
2000-04-13,Bahrain,Syria,0,1,AFC Asian Cup qualification,Tehran,IR Iran
2000-04-13,IR Iran,Maldives,3,0,AFC Asian Cup qualification,Tehran,IR Iran
2000-04-13,Solomon Islands,Papua New Guinea,4,2,Oceania Nations Cup qualification,Suva,Fiji
2000-04-15,Fiji,Solomon Islands,2,2,Oceania Nations Cup qualification,Suva,Fiji
2000-04-15,Malawi,Mozambique,2,1,COSAFA Cup,Blantyre,Malawi
2000-04-15,Papua New Guinea,Vanuatu,1,4,Oceania Nations Cup qualification,Suva,Fiji
2000-04-16,Antigua and Barbuda,Bermuda,0,0,FIFA World Cup qualification,St. John's,Antigua and Barbuda
2000-04-16,Bahamas,Haiti,0,4,FIFA World Cup qualification,Nassau,Bahamas
2000-04-16,Barbados,Aruba,4,0,FIFA World Cup qualification,Bridgetown,Barbados
2000-04-16,Belize,El Salvador,1,3,FIFA World Cup qualification,Orange Walk,Belize
2000-04-16,Dominican Republic,Trinidad and Tobago,0,1,FIFA World Cup qualification,San Cristóbal,Dominican Republic
2000-04-16,Nicaragua,Honduras,0,1,FIFA World Cup qualification,Diriamba,Nicaragua
2000-04-16,St. Vincent and the Grenadines,St. Kitts and Nevis,1,0,FIFA World Cup qualification,Kingstown,St. Vincent and the Grenadines
2000-04-16,Suriname,Cuba,0,0,FIFA World Cup qualification,Paramaribo,Suriname
2000-04-16,Uganda,Kenya,2,2,Friendly,Kampala,Uganda
2000-04-19,Cameroon,Somalia,3,0,FIFA World Cup qualification,Yaoundé,Cameroon
2000-04-19,Mali,Burkina Faso,2,1,Friendly,Bamako,Mali
2000-04-20,Egypt,Mauritius,2,0,FIFA World Cup qualification,Cairo,Egypt
2000-04-21,Algeria,Cabo Verde,2,0,FIFA World Cup qualification,Annaba,Algeria
2000-04-22,Gabon,Madagascar,1,0,FIFA World Cup qualification,Libreville,Gabon
2000-04-22,Kenya,Malawi,0,0,FIFA World Cup qualification,Nairobi,Kenya
2000-04-22,Morocco,Gambia,2,0,FIFA World Cup qualification,Casablanca,Morocco
2000-04-22,Namibia,Seychelles,3,0,FIFA World Cup qualification,Windhoek,Namibia
2000-04-22,Nigeria,Eritrea,4,0,FIFA World Cup qualification,Lagos,Nigeria
2000-04-22,Sierra Leone,São Tomé and Príncipe,4,0,FIFA World Cup qualification,Freetown,Sierra Leone
2000-04-22,South Africa,Lesotho,1,0,FIFA World Cup qualification,Bloemfontein,South Africa
2000-04-22,St. Kitts and Nevis,St. Vincent and the Grenadines,1,2,FIFA World Cup qualification,Basseterre,St. Kitts and Nevis
2000-04-22,Tunisia,Mauritania,3,0,FIFA World Cup qualification,Tunis,Tunisia
2000-04-22,Zambia,Botswana,1,0,FIFA World Cup qualification,Lusaka,Zambia
2000-04-23,Angola,Eswatini,7,1,FIFA World Cup qualification,Luanda,Angola
2000-04-23,Bermuda,Antigua and Barbuda,1,1,FIFA World Cup qualification,Hamilton,Bermuda
2000-04-23,Burkina Faso,Ethiopia,3,0,FIFA World Cup qualification,Ouagadougou,Burkina Faso
2000-04-23,Cameroon,Somalia,3,0,FIFA World Cup qualification,Yaoundé,Cameroon
2000-04-23,Congo,Equatorial Guinea,2,1,FIFA World Cup qualification,Pointe-Noire,Congo
2000-04-23,Congo DR,Djibouti,9,1,FIFA World Cup qualification,Kinshasa,Congo DR
2000-04-23,Egypt,Mauritius,4,2,FIFA World Cup qualification,Alexandria,Egypt
2000-04-23,Ghana,Tanzania,3,2,FIFA World Cup qualification,Accra,Ghana
2000-04-23,Guinea,Uganda,3,0,FIFA World Cup qualification,Conakry,Guinea
2000-04-23,Côte d'Ivoire,Rwanda,2,0,FIFA World Cup qualification,Abidjan,Côte d'Ivoire
2000-04-23,Liberia,Chad,0,0,FIFA World Cup qualification,Paynesville,Liberia
2000-04-23,Mali,Libya,3,1,FIFA World Cup qualification,Bamako,Mali
2000-04-23,Mozambique,Sudan,2,1,FIFA World Cup qualification,Maputo,Mozambique
2000-04-23,Senegal,Benin,1,0,FIFA World Cup qualification,Dakar,Senegal
2000-04-23,Togo,Guinea-Bissau,3,0,FIFA World Cup qualification,Lomé,Togo
2000-04-23,Zimbabwe,Central African Republic,3,1,FIFA World Cup qualification,Harare,Zimbabwe
2000-04-25,Hong Kong,China PR,0,1,Friendly,Victoria,Hong Kong
2000-04-26,Andorra,Belarus,2,0,Friendly,Sant Julià de Lòria,Andorra
2000-04-26,Armenia,Georgia,0,0,Friendly,Yerevan,Armenia
2000-04-26,Austria,Croatia,1,2,Friendly,Vienna,Austria
2000-04-26,Bolivia,Colombia,1,1,FIFA World Cup qualification,La Paz,Bolivia
2000-04-26,Brazil,Ecuador,3,2,FIFA World Cup qualification,São Paulo,Brazil
2000-04-26,Bulgaria,Ukraine,0,1,Friendly,Sofia,Bulgaria
2000-04-26,Chile,Peru,1,1,FIFA World Cup qualification,Santiago,Chile
2000-04-26,Czech Republic,Israel,4,1,Friendly,Prague,Czech Republic
2000-04-26,Denmark,Sweden,0,1,Friendly,Copenhagen,Denmark
2000-04-26,France,Slovenia,3,2,Friendly,Saint-Denis,France
2000-04-26,Germany,Switzerland,1,1,Friendly,Kaiserslautern,Germany
2000-04-26,Republic of Ireland,Greece,0,1,Friendly,Dublin,Republic of Ireland
2000-04-26,Italy,Portugal,2,0,Friendly,Reggio di Calabria,Italy
2000-04-26,Korea Republic,Japan,1,0,Friendly,Seoul,Korea Republic
2000-04-26,Liechtenstein,Faroe Islands,0,1,Friendly,Vaduz,Liechtenstein
2000-04-26,Lithuania,Latvia,2,1,Baltic Cup,Kaunas,Lithuania
2000-04-26,Luxembourg,Estonia,1,1,Friendly,Luxembourg,Luxembourg
2000-04-26,North Macedonia,Albania,1,0,Friendly,Prilep,North Macedonia
2000-04-26,Netherlands,Scotland,0,0,Friendly,Arnhem,Netherlands
2000-04-26,Northern Ireland,Hungary,0,1,Friendly,Belfast,Northern Ireland
2000-04-26,Norway,Belgium,0,2,Friendly,Oslo,Norway
2000-04-26,Paraguay,Uruguay,1,0,FIFA World Cup qualification,Asunción,Paraguay
2000-04-26,Poland,Finland,0,0,Friendly,Poznań,Poland
2000-04-26,Romania,Cyprus,2,0,Friendly,Constanţa,Romania
2000-04-26,Russia,USA,2,0,Friendly,Moscow,Russia
2000-04-26,San Marino,Moldova,0,1,Friendly,Serravalle,San Marino
2000-04-26,Venezuela,Argentina,0,4,FIFA World Cup qualification,Maracaibo,Venezuela
2000-04-29,Antigua and Barbuda,Dominica,3,2,Friendly,Road Town,British Virgin Islands
2000-04-29,South Africa,Mauritius,3,0,COSAFA Cup,Rustenburg,South Africa
2000-04-30,British Virgin Islands,Antigua and Barbuda,1,1,Friendly,Road Town,British Virgin Islands
2000-05-01,Maldives,Sri Lanka,1,1,Friendly,Malé,Maldives
2000-05-02,Bangladesh,India,1,1,Friendly,Malé,Maldives
2000-05-04,Cabo Verde,Gambia,1,1,Amílcar Cabral Cup,Praia,Cabo Verde
2000-05-04,Maldives,Bangladesh,1,1,Friendly,Malé,Maldives
2000-05-05,Guinea,Mali,3,1,Amílcar Cabral Cup,Praia,Cabo Verde
2000-05-05,Guinea-Bissau,Mauritania,1,0,Amílcar Cabral Cup,Praia,Cabo Verde
2000-05-05,India,Sri Lanka,0,1,Friendly,Malé,Maldives
2000-05-06,Cabo Verde,Sierra Leone,1,0,Amílcar Cabral Cup,Praia,Cabo Verde
2000-05-06,Gambia,Senegal,1,1,Amílcar Cabral Cup,Praia,Cabo Verde
2000-05-07,Bangladesh,Sri Lanka,0,1,Friendly,Malé,Maldives
2000-05-07,Cuba,Barbados,1,1,FIFA World Cup qualification,Havana,Cuba
2000-05-07,El Salvador,Guatemala,1,1,FIFA World Cup qualification,San Salvador,El Salvador
2000-05-07,Guinea,Mauritania,1,1,Amílcar Cabral Cup,Praia,Cabo Verde
2000-05-07,Honduras,Panama,3,1,FIFA World Cup qualification,Tegucigalpa,Honduras
2000-05-07,Mali,Guinea-Bissau,3,2,Amílcar Cabral Cup,Praia,Cabo Verde
2000-05-07,Trinidad and Tobago,Haiti,3,1,FIFA World Cup qualification,Port of Spain,Trinidad and Tobago
2000-05-08,Cabo Verde,Senegal,2,2,Amílcar Cabral Cup,Praia,Cabo Verde
2000-05-08,Gambia,Sierra Leone,2,2,Amílcar Cabral Cup,Praia,Cabo Verde
2000-05-08,Maldives,India,1,0,Friendly,Malé,Maldives
2000-05-09,Guinea,Guinea-Bissau,2,1,Amílcar Cabral Cup,Praia,Cabo Verde
2000-05-09,Mali,Mauritania,2,2,Amílcar Cabral Cup,Praia,Cabo Verde
2000-05-10,Maldives,Sri Lanka,1,1,Friendly,Malé,Maldives
2000-05-11,Cabo Verde,Guinea,2,0,Amílcar Cabral Cup,Praia,Cabo Verde
2000-05-11,Senegal,Mali,2,2,Amílcar Cabral Cup,Praia,Cabo Verde
2000-05-13,Jordan,Lebanon,1,1,Friendly,Limassol,Cyprus
2000-05-14,Cabo Verde,Senegal,1,0,Amílcar Cabral Cup,Praia,Cabo Verde
2000-05-14,Guinea,Mali,2,0,Amílcar Cabral Cup,Praia,Cabo Verde
2000-05-14,Jamaica,Panama,0,1,Friendly,Montego Bay,Jamaica
2000-05-14,Zimbabwe,Namibia,3,2,COSAFA Cup,Harare,Zimbabwe
2000-05-18,Thailand,Uzbekistan,2,0,Friendly,Bangkok,Thailand
2000-05-19,Guatemala,Belize,0,0,FIFA World Cup qualification,San Pedro Sula,Honduras
2000-05-19,Haiti,Trinidad and Tobago,1,1,FIFA World Cup qualification,Port-au-Prince,Haiti
2000-05-20,Malawi,Angola,0,0,COSAFA Cup,Blantyre,Malawi
2000-05-21,Barbados,Cuba,1,1,FIFA World Cup qualification,Bridgetown,Barbados
2000-05-21,Lebanon,Saudi Arabia,0,0,Friendly,Zahlé,Lebanon
2000-05-21,Panama,Nicaragua,4,0,FIFA World Cup qualification,Panama City,Panama
2000-05-23,Jordan,Kyrgyz Republic,2,0,WAFF Championship,Amman,Jordan
2000-05-23,Lebanon,Iraq,1,2,WAFF Championship,Amman,Jordan
2000-05-23,Wales,Brazil,0,3,Friendly,Cardiff,Wales
2000-05-24,IR Iran,Kazakhstan,3,0,WAFF Championship,Amman,Jordan
2000-05-24,Slovakia,Saudi Arabia,1,1,Friendly,Nitra,Slovakia
2000-05-24,Syria,Palestine,1,0,WAFF Championship,Amman,Jordan
2000-05-25,Jordan,Iraq,0,0,WAFF Championship,Amman,Jordan
2000-05-25,Kyrgyz Republic,Lebanon,0,2,WAFF Championship,Amman,Jordan
2000-05-26,Algeria,Burkina Faso,2,0,Friendly,Algiers,Algeria
2000-05-26,Kazakhstan,Syria,0,4,WAFF Championship,Amman,Jordan
2000-05-26,Palestine,IR Iran,1,1,WAFF Championship,Amman,Jordan
2000-05-27,Canada,Trinidad and Tobago,1,0,Friendly,Toronto,Canada
2000-05-27,Cuba,Haiti,0,1,Friendly,Havana,Cuba
2000-05-27,England,Brazil,1,1,Friendly,London,England
2000-05-27,Iraq,Kyrgyz Republic,4,0,WAFF Championship,Amman,Jordan
2000-05-27,Jamaica,Colombia,0,3,Friendly,East Rutherford,USA
2000-05-27,Jordan,Lebanon,0,0,WAFF Championship,Amman,Jordan
2000-05-27,Netherlands,Romania,2,1,Friendly,Amsterdam,Netherlands
2000-05-27,Norway,Slovakia,2,0,Friendly,Oslo,Norway
2000-05-28,Croatia,France,0,2,Friendly,Zagreb,Croatia
2000-05-28,IR Iran,Syria,1,0,WAFF Championship,Amman,Jordan
2000-05-28,Kazakhstan,Palestine,3,2,WAFF Championship,Amman,Jordan
2000-05-28,Macau,Hong Kong,0,1,Friendly,Macau,Macau
2000-05-28,Malta,South Africa,0,1,Friendly,Attard,Malta
2000-05-29,Cuba,Haiti,1,1,Friendly,Havana,Cuba
2000-05-30,Canada,Honduras,2,1,Friendly,Winnipeg,Canada
2000-05-30,Republic of Ireland,Scotland,1,2,Friendly,Dublin,Republic of Ireland
2000-05-31,England,Ukraine,2,0,Friendly,London,England
2000-05-31,Hungary,Saudi Arabia,2,2,Friendly,Győr,Hungary
2000-05-31,Iraq,Syria,0,0,WAFF Championship,Amman,Jordan
2000-05-31,Jordan,IR Iran,0,1,WAFF Championship,Amman,Jordan
2000-05-31,Russia,Slovakia,1,1,Friendly,Moscow,Russia
2000-05-31,Venezuela,Panama,3,1,Friendly,San Cristóbal,Venezuela
2000-06-01,Botswana,Mozambique,2,0,Friendly,Mbabane,Eswatini
2000-06-01,Eswatini,Lesotho,0,1,Friendly,Lobamba,Eswatini
2000-06-02,IR Iran,Syria,1,0,WAFF Championship,Amman,Jordan
2000-06-02,Jordan,Iraq,1,4,WAFF Championship,Amman,Jordan
2000-06-02,Lesotho,Mozambique,0,0,Friendly,Mbabane,Eswatini
2000-06-02,Portugal,Wales,3,0,Friendly,Chaves,Portugal
2000-06-02,Singapore,Qatar,1,5,Friendly,Singapore,Singapore
2000-06-02,Eswatini,Botswana,0,0,Friendly,Mbabane,Eswatini
2000-06-03,Algeria,Guinea,4,0,Friendly,Annaba,Algeria
2000-06-03,Denmark,Belgium,2,2,Friendly,Copenhagen,Denmark
2000-06-03,Germany,Czech Republic,3,2,Friendly,Nuremberg,Germany
2000-06-03,Honduras,Haiti,4,0,FIFA World Cup qualification,San Pedro Sula,Honduras
2000-06-03,Hungary,Israel,2,1,Friendly,Budapest,Hungary
2000-06-03,Latvia,Finland,1,0,Friendly,Riga,Latvia
2000-06-03,Malta,England,1,2,Friendly,Attard,Malta
2000-06-03,Norway,Italy,1,0,Friendly,Oslo,Norway
2000-06-03,Paraguay,Ecuador,3,1,FIFA World Cup qualification,Asunción,Paraguay
2000-06-03,Romania,Greece,2,1,Friendly,Bucharest,Romania
2000-06-03,Slovenia,Saudi Arabia,2,0,Friendly,Ljubljana,Slovenia
2000-06-03,Sweden,Spain,1,1,Friendly,Gothenburg,Sweden
2000-06-03,Uruguay,Chile,2,1,FIFA World Cup qualification,Montevideo,Uruguay
2000-06-03,USA,South Africa,4,0,USA Cup,Washington,USA
2000-06-04,Argentina,Bolivia,1,0,FIFA World Cup qualification,Buenos Aires,Argentina
2000-06-04,Azerbaijan,Georgia,0,0,Friendly,Baku,Azerbaijan
2000-06-04,Benin,Togo,1,2,Friendly,Cotonou,Benin
2000-06-04,Botswana,Lesotho,1,1,Friendly,Mbabane,Eswatini
2000-06-04,Colombia,Venezuela,3,0,FIFA World Cup qualification,Bogotá,Colombia
2000-06-04,Cuba,Canada,0,1,FIFA World Cup qualification,Havana,Cuba
2000-06-04,Estonia,Belarus,2,0,Friendly,Tallinn,Estonia
2000-06-04,France,Japan,2,2,King Hassan II Tournament,Casablanca,Morocco
2000-06-04,Mexico,Republic of Ireland,2,2,USA Cup,Chicago,USA
2000-06-04,Moldova,Russia,0,1,Friendly,Chișinău,Moldova
2000-06-04,Morocco,Jamaica,1,0,King Hassan II Tournament,Casablanca,Morocco
2000-06-04,Netherlands,Poland,3,1,Friendly,Lausanne,Switzerland
2000-06-04,Nigeria,Malawi,3,2,Friendly,Kano,Nigeria
2000-06-04,Peru,Brazil,0,1,FIFA World Cup qualification,Lima,Peru
2000-06-04,Senegal,Zambia,0,0,Friendly,Dakar,Senegal
2000-06-04,Eswatini,Mozambique,1,1,Friendly,Mbabane,Eswatini
2000-06-06,Jamaica,Japan,0,4,King Hassan II Tournament,Casablanca,Morocco
2000-06-06,Morocco,France,1,5,King Hassan II Tournament,Casablanca,Morocco
2000-06-06,Nigeria,Malawi,4,1,Friendly,Port Harcourt,Nigeria
2000-06-06,Senegal,Zambia,0,0,Friendly,Dakar,Senegal
2000-06-06,USA,Republic of Ireland,1,1,USA Cup,Foxborough,USA
2000-06-07,Germany,Liechtenstein,8,2,Friendly,Freiburg,Germany
2000-06-07,IR Iran,Egypt,1,1,Friendly,Tehran,IR Iran
2000-06-07,Korea Republic,North Macedonia,2,1,Friendly,Tehran,IR Iran
2000-06-07,Luxembourg,Spain,0,1,Friendly,Luxembourg,Luxembourg
2000-06-07,Mexico,South Africa,4,2,USA Cup,Dallas,USA
2000-06-08,Tonga,Cook Islands,1,2,Oceania Nations Cup qualification,Papeete,French Polynesia
2000-06-09,Australia,Paraguay,0,0,Friendly,Sydney,Australia
2000-06-09,Egypt,Korea Republic,0,1,Friendly,Tehran,IR Iran
2000-06-09,IR Iran,North Macedonia,3,1,Friendly,Tehran,IR Iran
2000-06-10,Belgium,Sweden,2,1,UEFA Euro,Brussels,Belgium
2000-06-10,St. Vincent and the Grenadines,Barbados,1,0,Friendly,Kingstown,St. Vincent and the Grenadines
2000-06-10,Thailand,Qatar,2,3,Friendly,Bangkok,Thailand
2000-06-11,Antigua and Barbuda,Guatemala,0,1,FIFA World Cup qualification,St. John's,Antigua and Barbuda
2000-06-11,Canada,Cuba,0,0,FIFA World Cup qualification,Winnipeg,Canada
2000-06-11,Estonia,Georgia,1,0,Friendly,Tallinn,Estonia
2000-06-11,France,Denmark,3,0,UEFA Euro,Bruges,Belgium
2000-06-11,Republic of Ireland,South Africa,2,1,USA Cup,East Rutherford,USA
2000-06-11,Japan,Slovakia,1,1,Kirin Cup,Rifu,Japan
2000-06-11,Lesotho,Zambia,0,0,COSAFA Cup,Maseru,Lesotho
2000-06-11,Netherlands,Czech Republic,1,0,UEFA Euro,Amsterdam,Netherlands
2000-06-11,Tunisia,Senegal,4,1,Friendly,Tunis,Tunisia
2000-06-11,Turkey,Italy,1,2,UEFA Euro,Arnhem,Netherlands
2000-06-11,USA,Mexico,3,0,USA Cup,East Rutherford,USA
2000-06-12,Australia,Paraguay,0,0,Friendly,Brisbane,Australia
2000-06-12,Germany,Romania,1,1,UEFA Euro,Liège,Belgium
2000-06-12,Portugal,England,3,2,UEFA Euro,Eindhoven,Netherlands
2000-06-13,Spain,Norway,0,1,UEFA Euro,Rotterdam,Netherlands
2000-06-14,American Samoa,Tonga,1,2,Oceania Nations Cup qualification,Papeete,French Polynesia
2000-06-14,Belgium,Italy,0,2,UEFA Euro,Brussels,Belgium
2000-06-14,Bolivia,Slovakia,0,2,Kirin Cup,Tosu,Japan
2000-06-14,Kenya,Burkina Faso,0,1,Friendly,Nairobi,Kenya
2000-06-15,Australia,Paraguay,2,1,Friendly,Melbourne,Australia
2000-06-15,Sweden,Turkey,0,0,UEFA Euro,Eindhoven,Netherlands
2000-06-16,Algeria,Senegal,1,1,FIFA World Cup qualification,Annaba,Algeria
2000-06-16,Czech Republic,France,1,2,UEFA Euro,Bruges,Belgium
2000-06-16,Netherlands,Denmark,3,0,UEFA Euro,Rotterdam,Netherlands
2000-06-17,Egypt,Ghana,2,0,Friendly,Cairo,Egypt
2000-06-17,England,Germany,1,0,UEFA Euro,Charleroi,Belgium
2000-06-17,Haiti,Honduras,1,3,FIFA World Cup qualification,Port-au-Prince,Haiti
2000-06-17,Madagascar,Congo DR,3,0,FIFA World Cup qualification,Antananarivo,Madagascar
2000-06-17,Malawi,Burkina Faso,1,1,FIFA World Cup qualification,Blantyre,Malawi
2000-06-17,Namibia,Morocco,0,0,FIFA World Cup qualification,Windhoek,Namibia
2000-06-17,Nigeria,Sierra Leone,2,0,FIFA World Cup qualification,Lagos,Nigeria
2000-06-17,Romania,Portugal,0,1,UEFA Euro,Arnhem,Netherlands
2000-06-18,Angola,Zambia,2,1,FIFA World Cup qualification,Luanda,Angola
2000-06-18,Guatemala,Antigua and Barbuda,8,1,FIFA World Cup qualification,Guatemala,Guatemala
2000-06-18,Guinea,Zimbabwe,3,0,FIFA World Cup qualification,Conakry,Guinea
2000-06-18,Côte d'Ivoire,Tunisia,2,2,FIFA World Cup qualification,Abidjan,Côte d'Ivoire
2000-06-18,Japan,Bolivia,2,0,Kirin Cup,Yokohama,Japan
2000-06-18,Libya,Cameroon,0,3,FIFA World Cup qualification,Tripoli,Libya
2000-06-18,Slovenia,Spain,1,2,UEFA Euro,Amsterdam,Netherlands
2000-06-18,South Africa,Eswatini,2,0,COSAFA Cup,Witbank,South Africa
2000-06-18,Sudan,Liberia,2,0,FIFA World Cup qualification,Omdurman,Sudan
2000-06-19,Australia,Cook Islands,17,0,Oceania Nations Cup,Papeete,French Polynesia
2000-06-19,Belgium,Turkey,0,2,UEFA Euro,Brussels,Belgium
2000-06-19,Italy,Sweden,2,1,UEFA Euro,Eindhoven,Netherlands
2000-06-19,Tahiti,New Zealand,0,2,Oceania Nations Cup,Papeete,French Polynesia
2000-06-20,England,Romania,2,3,UEFA Euro,Charleroi,Belgium
2000-06-20,Madagascar,Mauritius,1,1,Friendly,Antananarivo,Madagascar
2000-06-20,Portugal,Germany,3,0,UEFA Euro,Rotterdam,Netherlands
2000-06-21,Denmark,Czech Republic,0,2,UEFA Euro,Liège,Belgium
2000-06-21,Netherlands,France,3,2,UEFA Euro,Amsterdam,Netherlands
2000-06-21,New Zealand,Vanuatu,3,1,Oceania Nations Cup,Papeete,French Polynesia
2000-06-21,Paraguay,Costa Rica,1,0,Friendly,Ciudad del Este,Paraguay
2000-06-21,Slovenia,Norway,0,0,UEFA Euro,Arnhem,Netherlands
2000-06-21,Solomon Islands,Cook Islands,5,1,Oceania Nations Cup,Papeete,French Polynesia
2000-06-23,Gabon,Congo,0,2,Friendly,Libreville,Gabon
2000-06-23,Solomon Islands,Australia,0,6,Oceania Nations Cup,Papeete,French Polynesia
2000-06-23,Tahiti,Vanuatu,2,3,Oceania Nations Cup,Papeete,French Polynesia
2000-06-24,Italy,Romania,2,0,UEFA Euro,Brussels,Belgium
2000-06-24,Madagascar,Mauritius,1,0,Friendly,Antananarivo,Madagascar
2000-06-24,Turkey,Portugal,0,2,UEFA Euro,Amsterdam,Netherlands
2000-06-24,Uganda,Rwanda,2,1,Friendly,Kampala,Uganda
2000-06-25,Australia,Vanuatu,1,0,Oceania Nations Cup,Papeete,French Polynesia
2000-06-25,Ecuador,Panama,5,0,Friendly,Quito,Ecuador
2000-06-25,Gabon,Congo,2,3,Friendly,Libreville,Gabon
2000-06-25,Lebanon,Kuwait,3,1,Friendly,Tripoli,Lebanon
2000-06-25,New Zealand,Solomon Islands,2,0,Oceania Nations Cup,Papeete,French Polynesia
2000-06-25,Spain,France,1,2,UEFA Euro,Bruges,Belgium
2000-06-28,Australia,New Zealand,2,0,Oceania Nations Cup,Papeete,French Polynesia
2000-06-28,Brazil,Uruguay,1,1,FIFA World Cup qualification,Rio de Janeiro,Brazil
2000-06-28,France,Portugal,2,1,UEFA Euro,Brussels,Belgium
2000-06-28,Tunisia,Algeria,2,2,Friendly,Tunis,Tunisia
2000-06-28,Vanuatu,Solomon Islands,1,2,Oceania Nations Cup,Papeete,French Polynesia
2000-06-28,Venezuela,Bolivia,4,2,FIFA World Cup qualification,San Cristóbal,Venezuela
2000-06-29,Barbados,Trinidad and Tobago,0,0,Friendly,Bridgetown,Barbados
2000-06-29,Chile,Paraguay,3,1,FIFA World Cup qualification,Santiago,Chile
2000-06-29,Colombia,Argentina,1,3,FIFA World Cup qualification,Bogotá,Colombia
2000-06-29,Ecuador,Peru,2,1,FIFA World Cup qualification,Quito,Ecuador
2000-06-29,Netherlands,Italy,0,0,UEFA Euro,Amsterdam,Netherlands
2000-06-30,Djibouti,Burundi,1,3,African Cup of Nations qualification,Djibouti,Djibouti
2000-07-01,Botswana,Madagascar,1,0,African Cup of Nations qualification,Gaborone,Botswana
2000-07-01,Costa Rica,Panama,5,1,Friendly,Alajuela,Costa Rica
2000-07-01,El Salvador,Mexico,0,3,Friendly,San Francisco,USA
2000-07-01,Seychelles,Zimbabwe,0,1,African Cup of Nations qualification,Victoria,Seychelles
2000-07-01,Tanzania,Mauritius,0,1,African Cup of Nations qualification,Dar es Salaam,Tanzania
2000-07-01,Uganda,Malawi,3,1,African Cup of Nations qualification,Kampala,Uganda
2000-07-02,Benin,Namibia,2,0,African Cup of Nations qualification,Cotonou,Benin
2000-07-02,Central African Republic,Congo DR,1,1,African Cup of Nations qualification,Bangui,Central African Republic
2000-07-02,Equatorial Guinea,Angola,0,1,African Cup of Nations qualification,Malabo,Equatorial Guinea
2000-07-02,Ethiopia,Zambia,1,0,African Cup of Nations qualification,Addis Ababa,Ethiopia
2000-07-02,France,Italy,2,1,UEFA Euro,Rotterdam,Netherlands
2000-07-02,Jamaica,Cuba,1,1,Friendly,Kingston,Jamaica
2000-07-02,Lesotho,Mozambique,1,0,African Cup of Nations qualification,Maseru,Lesotho
2000-07-02,Niger,Côte d'Ivoire,0,1,African Cup of Nations qualification,Niamey,Niger
2000-07-02,Rwanda,Congo,2,1,African Cup of Nations qualification,Kigali,Rwanda
2000-07-02,St. Vincent and the Grenadines,Trinidad and Tobago,2,1,Friendly,Kingstown,St. Vincent and the Grenadines
2000-07-02,Sudan,Eritrea,5,1,African Cup of Nations qualification,Khartoum,Sudan
2000-07-02,Eswatini,Kenya,3,2,African Cup of Nations qualification,Mbabane,Eswatini
2000-07-03,Guatemala,Haiti,4,1,Friendly,Montréal,Canada
2000-07-04,Rwanda,Uganda,2,0,Friendly,Kigali,Rwanda
2000-07-04,Trinidad and Tobago,Cuba,4,1,Friendly,Macoya,Trinidad and Tobago
2000-07-05,Jamaica,Barbados,5,0,Friendly,Kingston,Jamaica
2000-07-05,Mexico,Venezuela,2,1,Friendly,Monterrey,Mexico
2000-07-06,Cabo Verde,Angola,1,1,Friendly,Praia,Cabo Verde
2000-07-06,Malawi,Namibia,1,2,Friendly,Lilongwe,Malawi
2000-07-07,El Salvador,Guatemala,0,1,Friendly,Los Angeles,USA
2000-07-08,Trinidad and Tobago,Jamaica,2,4,Friendly,Port of Spain,Trinidad and Tobago
2000-07-08,Tunisia,Madagascar,1,0,FIFA World Cup qualification,Tunis,Tunisia
2000-07-08,Zambia,Togo,2,0,FIFA World Cup qualification,Lusaka,Zambia
2000-07-09,Burkina Faso,Guinea,2,3,FIFA World Cup qualification,Ouagadougou,Burkina Faso
2000-07-09,Cameroon,Angola,3,0,FIFA World Cup qualification,Yaoundé,Cameroon
2000-07-09,Congo DR,Congo,2,0,FIFA World Cup qualification,Kinshasa,Congo DR
2000-07-09,Ghana,Sierra Leone,5,0,FIFA World Cup qualification,Accra,Ghana
2000-07-09,Liberia,Nigeria,2,1,FIFA World Cup qualification,Paynesville,Liberia
2000-07-09,Morocco,Algeria,2,1,FIFA World Cup qualification,Fès,Morocco
2000-07-09,Senegal,Egypt,0,0,FIFA World Cup qualification,Dakar,Senegal
2000-07-09,Zimbabwe,South Africa,0,2,FIFA World Cup qualification,Harare,Zimbabwe
2000-07-14,Libya,Chad,3,1,African Cup of Nations qualification,Tripoli,Libya
2000-07-15,Burundi,Djibouti,1,0,African Cup of Nations qualification,Bujumbura,Burundi
2000-07-15,Eritrea,Sudan,2,1,African Cup of Nations qualification,Asmara,Eritrea
2000-07-15,Gabon,São Tomé and Príncipe,4,1,African Cup of Nations qualification,Libreville,Gabon
2000-07-15,Kenya,Eswatini,3,0,African Cup of Nations qualification,Nairobi,Kenya
2000-07-15,Malawi,Uganda,1,2,African Cup of Nations qualification,Blantyre,Malawi
2000-07-15,Namibia,Benin,8,2,African Cup of Nations qualification,Windhoek,Namibia
2000-07-15,Zambia,Ethiopia,2,0,African Cup of Nations qualification,Lusaka,Zambia
2000-07-16,Angola,Equatorial Guinea,4,1,African Cup of Nations qualification,Luanda,Angola
2000-07-16,Barbados,Costa Rica,2,1,FIFA World Cup qualification,Bridgetown,Barbados
2000-07-16,Canada,Trinidad and Tobago,0,2,FIFA World Cup qualification,Edmonton,Canada
2000-07-16,Congo DR,Central African Republic,2,0,African Cup of Nations qualification,Kinshasa,Congo DR
2000-07-16,El Salvador,Honduras,2,5,FIFA World Cup qualification,San Salvador,El Salvador
2000-07-16,Guatemala,USA,1,1,FIFA World Cup qualification,Mazatenango,Guatemala
2000-07-16,Guinea,Gambia,2,0,African Cup of Nations qualification,Conakry,Guinea
2000-07-16,Côte d'Ivoire,Niger,6,0,African Cup of Nations qualification,Abidjan,Côte d'Ivoire
2000-07-16,Mauritius,Tanzania,3,2,African Cup of Nations qualification,Curepipe,Mauritius
2000-07-16,Mozambique,Lesotho,1,0,African Cup of Nations qualification,Maputo,Mozambique
2000-07-16,Panama,Mexico,0,1,FIFA World Cup qualification,Panama City,Panama
2000-07-18,Paraguay,Brazil,2,1,FIFA World Cup qualification,Asunción,Paraguay
2000-07-18,Uruguay,Venezuela,3,1,FIFA World Cup qualification,Montevideo,Uruguay
2000-07-19,Argentina,Ecuador,2,0,FIFA World Cup qualification,Buenos Aires,Argentina
2000-07-19,Bolivia,Chile,1,0,FIFA World Cup qualification,La Paz,Bolivia
2000-07-19,Peru,Colombia,0,1,FIFA World Cup qualification,Lima,Peru
2000-07-22,Guatemala,Barbados,2,0,FIFA World Cup qualification,Quetzaltenango,Guatemala
2000-07-23,Costa Rica,USA,2,1,FIFA World Cup qualification,San José,Costa Rica
2000-07-23,Jamaica,Honduras,3,1,FIFA World Cup qualification,Kingston,Jamaica
2000-07-23,Lesotho,Angola,2,1,COSAFA Cup,Maseru,Lesotho
2000-07-23,Panama,Canada,0,0,FIFA World Cup qualification,Panama City,Panama
2000-07-23,Trinidad and Tobago,Mexico,1,0,FIFA World Cup qualification,Port of Spain,Trinidad and Tobago
2000-07-25,Ecuador,Colombia,0,0,FIFA World Cup qualification,Quito,Ecuador
2000-07-25,Venezuela,Chile,0,2,FIFA World Cup qualification,San Cristóbal,Venezuela
2000-07-26,Brazil,Argentina,3,1,FIFA World Cup qualification,São Paulo,Brazil
2000-07-26,Bulgaria,Azerbaijan,2,1,Friendly,Varna,Bulgaria
2000-07-26,Uruguay,Peru,0,0,FIFA World Cup qualification,Montevideo,Uruguay
2000-07-27,Azerbaijan,North Macedonia,1,2,Friendly,Varna,Bulgaria
2000-07-27,Bolivia,Paraguay,0,0,FIFA World Cup qualification,La Paz,Bolivia
2000-07-27,Iceland,Malta,5,0,Friendly,Reykjavík,Iceland
2000-07-28,China PR,Korea Republic,0,1,Friendly,Beijing,China PR
2000-07-29,Bangladesh,India,0,1,Friendly,Leicester,England
2000-07-29,South Africa,Zimbabwe,0,1,COSAFA Cup,Port Elizabeth,South Africa
2000-08-05,El Salvador,Haiti,1,2,Friendly,Foxborough,USA
2000-08-05,Lebanon,Oman,3,1,Friendly,Zahlé,Lebanon
2000-08-06,Guyana,Trinidad and Tobago,0,0,Friendly,Georgetown,Guyana
2000-08-06,Malaysia,Myanmar,6,0,Friendly,Kuala Lumpur,Malaysia
2000-08-08,Lebanon,Oman,1,2,Friendly,Zahlé,Lebanon
2000-08-09,Malaysia,Myanmar,1,2,Friendly,Ipoh,Malaysia
2000-08-09,Syria,Bahrain,1,0,Friendly,Latakia,Syria
2000-08-10,Costa Rica,Venezuela,1,5,Friendly,Alajuela,Costa Rica
2000-08-11,Bahrain,Jordan,0,2,Friendly,Latakia,Syria
2000-08-11,Panama,Ecuador,0,0,Friendly,Panama City,Panama
2000-08-13,Lesotho,Zimbabwe,0,3,COSAFA Cup,Maseru,Lesotho
2000-08-13,Malaysia,New Zealand,0,0,Merdeka Tournament,Kuala Lumpur,Malaysia
2000-08-13,Syria,Jordan,1,0,Friendly,Latakia,Syria
2000-08-15,Albania,Cyprus,0,0,Friendly,Tirana,Albania
2000-08-15,Chile,Brazil,3,0,FIFA World Cup qualification,Santiago,Chile
2000-08-15,Colombia,Uruguay,1,0,FIFA World Cup qualification,Bogotá,Colombia
2000-08-15,Costa Rica,Guatemala,2,1,FIFA World Cup qualification,Alajuela,Costa Rica
2000-08-15,Malaysia,Oman,2,0,Merdeka Tournament,Kuala Lumpur,Malaysia
2000-08-15,Mexico,Canada,2,0,FIFA World Cup qualification,Mexico City,Mexico
2000-08-16,Argentina,Paraguay,1,1,FIFA World Cup qualification,Buenos Aires,Argentina
2000-08-16,Bosnia and Herzegovina,Turkey,2,0,Friendly,Sarajevo,Bosnia and Herzegovina
2000-08-16,Bulgaria,Belgium,1,3,Friendly,Sofia,Bulgaria
2000-08-16,Czech Republic,Slovenia,0,1,Friendly,Ostrava,Czech Republic
2000-08-16,Ecuador,Bolivia,2,0,FIFA World Cup qualification,Quito,Ecuador
2000-08-16,Estonia,Andorra,1,0,FIFA World Cup qualification,Tallinn,Estonia
2000-08-16,Faroe Islands,Denmark,0,2,Nordic Championship,Tórshavn,Faroe Islands
2000-08-16,Finland,Norway,3,1,Nordic Championship,Helsinki,Finland
2000-08-16,Germany,Spain,4,1,Friendly,Hanover,Germany
2000-08-16,Hungary,Austria,1,1,Friendly,Budapest,Hungary
2000-08-16,Iceland,Sweden,2,1,Nordic Championship,Reykjavík,Iceland
2000-08-16,IR Iran,Georgia,2,1,Friendly,Tehran,IR Iran
2000-08-16,Jamaica,El Salvador,1,0,FIFA World Cup qualification,Kingston,Jamaica
2000-08-16,Japan,United Arab Emirates,3,1,Friendly,Hiroshima,Japan
2000-08-16,Latvia,Belarus,0,1,Friendly,Riga,Latvia
2000-08-16,Moldova,Malta,1,0,Friendly,Chișinău,Moldova
2000-08-16,Peru,Venezuela,1,0,FIFA World Cup qualification,Lima,Peru
2000-08-16,Portugal,Lithuania,5,1,Friendly,Viseu,Portugal
2000-08-16,Romania,Poland,1,1,Friendly,Bucharest,Romania
2000-08-16,Russia,Israel,1,0,Friendly,Moscow,Russia
2000-08-16,Slovakia,Croatia,1,1,Friendly,Bratislava,Slovakia
2000-08-16,Switzerland,Greece,2,2,Friendly,St. Gallen,Switzerland
2000-08-16,Trinidad and Tobago,Panama,6,0,FIFA World Cup qualification,Port of Spain,Trinidad and Tobago
2000-08-16,USA,Barbados,7,0,FIFA World Cup qualification,Foxborough,USA
2000-08-17,New Zealand,Oman,1,0,Merdeka Tournament,Kuala Lumpur,Malaysia
2000-08-19,Malaysia,New Zealand,0,2,Merdeka Tournament,Kuala Lumpur,Malaysia
2000-08-20,Haiti,Honduras,0,4,Friendly,New York,USA
2000-08-20,Sierra Leone,Togo,2,0,African Cup of Nations qualification,Freetown,Sierra Leone
2000-08-25,Egypt,Kenya,2,1,Friendly,Port Said,Egypt
2000-08-25,Vietnam,Sri Lanka,2,2,Friendly,Ho Chi Minh City,Vietnam
2000-08-27,Cayman Islands,Jamaica,0,6,Friendly,George Town,Cayman Islands
2000-08-27,Zimbabwe,Lesotho,3,0,COSAFA Cup,Bulawayo,Zimbabwe
2000-08-28,Indonesia,Myanmar,4,1,Friendly,Jakarta,Indonesia
2000-08-28,Iraq,Chinese Taipei,3,0,Friendly,Jakarta,Indonesia
2000-08-30,Myanmar,Iraq,0,1,Friendly,Jakarta,Indonesia
2000-08-30,Indonesia,Chinese Taipei,1,0,Friendly,Jakarta,Indonesia
2000-09-01,Austria,IR Iran,5,1,Friendly,Vienna,Austria
2000-09-01,Indonesia,Iraq,0,0,Friendly,Jakarta,Indonesia
2000-09-02,Andorra,Cyprus,2,3,FIFA World Cup qualification,Sant Julià de Lòria,Andorra
2000-09-02,Azerbaijan,Sweden,0,1,FIFA World Cup qualification,Baku,Azerbaijan
2000-09-02,Belarus,Wales,2,1,FIFA World Cup qualification,Minsk,Belarus
2000-09-02,Belgium,Croatia,0,0,FIFA World Cup qualification,Brussels,Belgium
2000-09-02,Bosnia and Herzegovina,Spain,1,2,FIFA World Cup qualification,Sarajevo,Bosnia and Herzegovina
2000-09-02,Bulgaria,Czech Republic,0,1,FIFA World Cup qualification,Sofia,Bulgaria
2000-09-02,Chile,Colombia,0,1,FIFA World Cup qualification,Santiago,Chile
2000-09-02,China PR,Thailand,3,1,Friendly,Shanghai,China PR
2000-09-02,Egypt,Côte d'Ivoire,1,0,African Cup of Nations qualification,Alexandria,Egypt
2000-09-02,Finland,Albania,2,1,FIFA World Cup qualification,Helsinki,Finland
2000-09-02,France,England,1,1,Friendly,Saint-Denis,France
2000-09-02,Gabon,Morocco,2,0,African Cup of Nations qualification,Libreville,Gabon
2000-09-02,Germany,Greece,2,0,FIFA World Cup qualification,Hamburg,Germany
2000-09-02,Honduras,El Salvador,5,0,FIFA World Cup qualification,San Pedro Sula,Honduras
2000-09-02,Iceland,Denmark,1,2,FIFA World Cup qualification,Reykjavík,Iceland
2000-09-02,Iraq,Uzbekistan,2,0,Friendly,Shanghai,China PR
2000-09-02,Latvia,Scotland,0,1,FIFA World Cup qualification,Riga,Latvia
2000-09-02,Netherlands,Republic of Ireland,2,2,FIFA World Cup qualification,Amsterdam,Netherlands
2000-09-02,Nigeria,Namibia,4,0,African Cup of Nations qualification,Lagos,Nigeria
2000-09-02,Northern Ireland,Malta,1,0,FIFA World Cup qualification,Belfast,Northern Ireland
2000-09-02,Norway,Armenia,0,0,FIFA World Cup qualification,Oslo,Norway
2000-09-02,Paraguay,Venezuela,3,0,FIFA World Cup qualification,Asunción,Paraguay
2000-09-02,Switzerland,Russia,0,1,FIFA World Cup qualification,Zürich,Switzerland
2000-09-02,Turkey,Moldova,2,0,FIFA World Cup qualification,Istanbul,Turkey
2000-09-02,Uganda,Guinea,3,1,African Cup of Nations qualification,Kampala,Uganda
2000-09-02,Ukraine,Poland,1,3,FIFA World Cup qualification,Kyiv,Ukraine
2000-09-02,Zambia,Madagascar,1,2,African Cup of Nations qualification,Lusaka,Zambia
2000-09-03,Algeria,Burkina Faso,1,1,African Cup of Nations qualification,Algiers,Algeria
2000-09-03,Brazil,Bolivia,5,0,FIFA World Cup qualification,Rio de Janeiro,Brazil
2000-09-03,Burundi,Angola,0,0,African Cup of Nations qualification,Bujumbura,Burundi
2000-09-03,China PR,Iraq,4,1,Friendly,Shanghai,China PR
2000-09-03,Congo,South Africa,1,2,African Cup of Nations qualification,Pointe-Noire,Congo
2000-09-03,Costa Rica,Barbados,3,0,FIFA World Cup qualification,San José,Costa Rica
2000-09-03,Estonia,Portugal,1,3,FIFA World Cup qualification,Tallinn,Estonia
2000-09-03,Faroe Islands,Slovenia,2,2,FIFA World Cup qualification,Toftir,Faroe Islands
2000-09-03,Hungary,Italy,2,2,FIFA World Cup qualification,Budapest,Hungary
2000-09-03,Indonesia,Iraq,3,0,Friendly,Jakarta,Indonesia
2000-09-03,Israel,Liechtenstein,2,0,FIFA World Cup qualification,Ramat-Gan,Israel
2000-09-03,Kenya,Tunisia,0,0,African Cup of Nations qualification,Nairobi,Kenya
2000-09-03,Lesotho,Ghana,3,3,African Cup of Nations qualification,Maseru,Lesotho
2000-09-03,Liberia,Mauritius,4,0,African Cup of Nations qualification,Monrovia,Liberia
2000-09-03,Mexico,Panama,7,1,FIFA World Cup qualification,Mexico City,Mexico
2000-09-03,Peru,Argentina,1,2,FIFA World Cup qualification,Lima,Peru
2000-09-03,Romania,Lithuania,1,0,FIFA World Cup qualification,Bucharest,Romania
2000-09-03,Slovakia,North Macedonia,2,0,FIFA World Cup qualification,Bratislava,Slovakia
2000-09-03,Thailand,Uzbekistan,4,2,Friendly,Shanghai,China PR
2000-09-03,Togo,Sierra Leone,2,0,African Cup of Nations qualification,Lomé,Togo
2000-09-03,Trinidad and Tobago,Canada,4,0,FIFA World Cup qualification,Port of Spain,Trinidad and Tobago
2000-09-03,Uruguay,Ecuador,4,0,FIFA World Cup qualification,Montevideo,Uruguay
2000-09-03,USA,Guatemala,1,0,FIFA World Cup qualification,Washington,USA
2000-09-03,Zimbabwe,Congo DR,3,2,African Cup of Nations qualification,Harare,Zimbabwe
2000-09-07,Lebanon,United Arab Emirates,0,1,Friendly,Beirut,Lebanon
2000-09-10,Lebanon,United Arab Emirates,2,2,Friendly,Beirut,Lebanon
2000-09-10,Libya,Sudan,1,0,African Cup of Nations qualification,Tripoli,Libya
2000-09-20,Mexico,Ecuador,2,0,Friendly,San Diego,USA
2000-09-24,Qatar,Kuwait,0,0,Friendly,Doha,Qatar
2000-09-24,Saudi Arabia,Syria,2,1,Friendly,Abha,Saudi Arabia
2000-09-24,Senegal,Togo,0,0,African Cup of Nations qualification,Dakar,Senegal
2000-09-26,Saudi Arabia,Syria,3,0,Friendly,Abha,Saudi Arabia
2000-09-27,Cayman Islands,Turks and Caicos Islands,3,0,Friendly,George Town,Cayman Islands
2000-09-27,Mexico,Bolivia,1,0,Friendly,San Diego,USA
2000-09-27,Qatar,IR Iran,1,2,Friendly,Doha,Qatar
2000-09-28,Saudi Arabia,United Arab Emirates,6,1,Friendly,Abha,Saudi Arabia
2000-09-30,Kenya,Burundi,1,0,Friendly,Nairobi,Kenya
2000-09-30,Kuwait,Thailand,3,2,Friendly,Kuwait City,Kuwait
2000-10-01,Kenya,Lesotho,1,1,Friendly,Nairobi,Kenya
2000-10-02,Jordan,Saudi Arabia,1,0,Friendly,Amman,Jordan
2000-10-02,Qatar,Egypt,0,1,Friendly,Doha,Qatar
2000-10-03,Kenya,Burundi,2,3,Friendly,Nairobi,Kenya
2000-10-04,Australia,Kuwait,1,0,United Arab Emirates Friendship Tournament,Dubai,United Arab Emirates
2000-10-04,France,Cameroon,1,1,Friendly,Saint-Denis,France
2000-10-04,United Arab Emirates,Korea Republic,1,1,United Arab Emirates Friendship Tournament,Dubai,United Arab Emirates
2000-10-05,China PR,Saudi Arabia,0,2,Friendly,Zarqa,Jordan
2000-10-06,North Macedonia,Azerbaijan,3,0,FIFA World Cup qualification,Skopje,North Macedonia
2000-10-06,Qatar,Thailand,1,1,Friendly,Doha,Qatar
2000-10-07,Andorra,Estonia,1,2,FIFA World Cup qualification,Sant Julià de Lòria,Andorra
2000-10-07,Armenia,Ukraine,2,3,FIFA World Cup qualification,Yerevan,Armenia
2000-10-07,Australia,Korea Republic,2,4,United Arab Emirates Friendship Tournament,Dubai,United Arab Emirates
2000-10-07,Bulgaria,Malta,3,0,FIFA World Cup qualification,Sofia,Bulgaria
2000-10-07,Burkina Faso,Burundi,1,0,African Cup of Nations qualification,Ouagadougou,Burkina Faso
2000-10-07,Colombia,Paraguay,0,2,FIFA World Cup qualification,Bogotá,Colombia
2000-10-07,Cyprus,Netherlands,0,4,FIFA World Cup qualification,Nicosia,Cyprus
2000-10-07,Czech Republic,Iceland,4,0,FIFA World Cup qualification,Teplice,Czech Republic
2000-10-07,England,Germany,0,1,FIFA World Cup qualification,London,England
2000-10-07,Greece,Finland,1,0,FIFA World Cup qualification,Athens,Greece
2000-10-07,Italy,Romania,3,0,FIFA World Cup qualification,Milan,Italy
2000-10-07,Jordan,China PR,1,1,Friendly,Amman,Jordan
2000-10-07,Latvia,Belgium,0,4,FIFA World Cup qualification,Riga,Latvia
2000-10-07,Liechtenstein,Austria,0,1,FIFA World Cup qualification,Vaduz,Liechtenstein
2000-10-07,Lithuania,Georgia,0,4,FIFA World Cup qualification,Kaunas,Lithuania
2000-10-07,Luxembourg,Slovenia,1,2,FIFA World Cup qualification,Luxembourg,Luxembourg
2000-10-07,Madagascar,Nigeria,0,0,African Cup of Nations qualification,Antananarivo,Madagascar
2000-10-07,Moldova,Slovakia,0,1,FIFA World Cup qualification,Chișinău,Moldova
2000-10-07,Northern Ireland,Denmark,1,1,FIFA World Cup qualification,Belfast,Northern Ireland
2000-10-07,Poland,Belarus,3,1,FIFA World Cup qualification,Łódź,Poland
2000-10-07,Portugal,Republic of Ireland,1,1,FIFA World Cup qualification,Lisbon,Portugal
2000-10-07,San Marino,Scotland,0,2,FIFA World Cup qualification,Serravalle,San Marino
2000-10-07,Saudi Arabia,Kazakhstan,1,0,Friendly,Amman,Jordan
2000-10-07,South Africa,France,0,0,Friendly,Johannesburg,South Africa
2000-10-07,Spain,Israel,2,0,FIFA World Cup qualification,Madrid,Spain
2000-10-07,Sweden,Turkey,1,1,FIFA World Cup qualification,Gothenburg,Sweden
2000-10-07,Switzerland,Faroe Islands,5,1,FIFA World Cup qualification,Zürich,Switzerland
2000-10-07,Tunisia,Gabon,4,2,African Cup of Nations qualification,Tunis,Tunisia
2000-10-07,United Arab Emirates,Kuwait,1,0,United Arab Emirates Friendship Tournament,Dubai,United Arab Emirates
2000-10-07,Wales,Norway,1,1,FIFA World Cup qualification,Cardiff,Wales
2000-10-08,Angola,Algeria,2,2,African Cup of Nations qualification,Luanda,Angola
2000-10-08,Argentina,Uruguay,2,1,FIFA World Cup qualification,Buenos Aires,Argentina
2000-10-08,Barbados,Guatemala,1,3,FIFA World Cup qualification,Bridgetown,Barbados
2000-10-08,Bolivia,Peru,1,0,FIFA World Cup qualification,La Paz,Bolivia
2000-10-08,Ecuador,Chile,1,0,FIFA World Cup qualification,Quito,Ecuador
2000-10-08,Guinea,Senegal,1,0,African Cup of Nations qualification,Conakry,Guinea
2000-10-08,Honduras,Jamaica,1,0,FIFA World Cup qualification,Tegucigalpa,Honduras
2000-10-08,Hong Kong,Singapore,1,0,Friendly,Victoria,Hong Kong
2000-10-08,Mauritius,Congo,1,2,African Cup of Nations qualification,Curepipe,Mauritius
2000-10-08,Mexico,Trinidad and Tobago,7,0,FIFA World Cup qualification,Mexico City,Mexico
2000-10-08,Morocco,Kenya,1,0,African Cup of Nations qualification,Casablanca,Morocco
2000-10-08,Qatar,Thailand,3,1,Friendly,Doha,Qatar
2000-10-08,Sudan,Egypt,0,1,African Cup of Nations qualification,Khartoum,Sudan
2000-10-08,Togo,Uganda,3,0,African Cup of Nations qualification,Lomé,Togo
2000-10-08,Uzbekistan,Turkmenistan,3,0,Friendly,Tashkent,Uzbekistan
2000-10-08,Venezuela,Brazil,0,6,FIFA World Cup qualification,Maracaibo,Venezuela
2000-10-09,Canada,Panama,1,0,FIFA World Cup qualification,Winnipeg,Canada
2000-10-10,Congo DR,Lesotho,1,1,African Cup of Nations qualification,Kinshasa,Congo DR
2000-10-11,Albania,Greece,2,0,FIFA World Cup qualification,Tirana,Albania
2000-10-11,Austria,Spain,1,1,FIFA World Cup qualification,Vienna,Austria
2000-10-11,Azerbaijan,Turkey,0,1,FIFA World Cup qualification,Baku,Azerbaijan
2000-10-11,Belarus,Armenia,2,1,FIFA World Cup qualification,Minsk,Belarus
2000-10-11,Croatia,Scotland,1,1,FIFA World Cup qualification,Zagreb,Croatia
2000-10-11,Denmark,Bulgaria,1,1,FIFA World Cup qualification,Copenhagen,Denmark
2000-10-11,Finland,England,0,0,FIFA World Cup qualification,Helsinki,Finland
2000-10-11,Iceland,Northern Ireland,1,0,FIFA World Cup qualification,Reykjavík,Iceland
2000-10-11,Republic of Ireland,Estonia,2,0,FIFA World Cup qualification,Dublin,Republic of Ireland
2000-10-11,Israel,Bosnia and Herzegovina,3,1,FIFA World Cup qualification,Ramat-Gan,Israel
2000-10-11,Italy,Georgia,2,0,FIFA World Cup qualification,Ancona,Italy
2000-10-11,Lithuania,Hungary,1,6,FIFA World Cup qualification,Kaunas,Lithuania
2000-10-11,Malta,Czech Republic,0,0,FIFA World Cup qualification,Attard,Malta
2000-10-11,Moldova,North Macedonia,0,0,FIFA World Cup qualification,Chișinău,Moldova
2000-10-11,Netherlands,Portugal,0,2,FIFA World Cup qualification,Rotterdam,Netherlands
2000-10-11,Norway,Ukraine,0,1,FIFA World Cup qualification,Oslo,Norway
2000-10-11,Poland,Wales,0,0,FIFA World Cup qualification,Warsaw,Poland
2000-10-11,Russia,Luxembourg,3,0,FIFA World Cup qualification,Moscow,Russia
2000-10-11,Slovakia,Sweden,0,0,FIFA World Cup qualification,Bratislava,Slovakia
2000-10-11,Slovenia,Switzerland,2,2,FIFA World Cup qualification,Ljubljana,Slovenia
2000-10-11,USA,Costa Rica,0,0,FIFA World Cup qualification,Columbus,USA
2000-10-12,Iraq,Thailand,2,0,AFC Asian Cup,Tripoli,Lebanon
2000-10-12,Lebanon,IR Iran,0,4,AFC Asian Cup,Beirut,Lebanon
2000-10-13,Korea Republic,China PR,2,2,AFC Asian Cup,Tripoli,Lebanon
2000-10-13,Kuwait,Indonesia,0,0,AFC Asian Cup,Tripoli,Lebanon
2000-10-14,Malaysia,Cambodia,2,0,Friendly,Kuala Lumpur,Malaysia
2000-10-14,Qatar,Uzbekistan,1,1,AFC Asian Cup,Sidon,Lebanon
2000-10-14,Saudi Arabia,Japan,1,4,AFC Asian Cup,Sidon,Lebanon
2000-10-15,IR Iran,Thailand,1,1,AFC Asian Cup,Beirut,Lebanon
2000-10-15,Kenya,Tanzania,3,0,Friendly,Nairobi,Kenya
2000-10-15,Lebanon,Iraq,2,2,AFC Asian Cup,Beirut,Lebanon
2000-10-16,China PR,Indonesia,4,0,AFC Asian Cup,Tripoli,Lebanon
2000-10-16,Korea Republic,Kuwait,0,1,AFC Asian Cup,Tripoli,Lebanon
2000-10-17,Japan,Uzbekistan,8,1,AFC Asian Cup,Sidon,Lebanon
2000-10-17,Malaysia,Cambodia,1,1,Friendly,Kuala Lumpur,Malaysia
2000-10-17,Saudi Arabia,Qatar,0,0,AFC Asian Cup,Sidon,Lebanon
2000-10-18,IR Iran,Iraq,1,0,AFC Asian Cup,Sidon,Lebanon
2000-10-18,Lebanon,Thailand,1,1,AFC Asian Cup,Beirut,Lebanon
2000-10-19,China PR,Kuwait,0,0,AFC Asian Cup,Tripoli,Lebanon
2000-10-19,Korea Republic,Indonesia,3,0,AFC Asian Cup,Beirut,Lebanon
2000-10-20,Japan,Qatar,1,1,AFC Asian Cup,Beirut,Lebanon
2000-10-20,Saudi Arabia,Uzbekistan,5,0,AFC Asian Cup,Sidon,Lebanon
2000-10-23,China PR,Qatar,3,1,AFC Asian Cup,Sidon,Lebanon
2000-10-23,IR Iran,Korea Republic,1,2,AFC Asian Cup,Tripoli,Lebanon
2000-10-23,Malaysia,Sri Lanka,2,0,Friendly,Kuala Lumpur,Malaysia
2000-10-24,Japan,Iraq,4,1,AFC Asian Cup,Beirut,Lebanon
2000-10-24,Kuwait,Saudi Arabia,2,3,AFC Asian Cup,Beirut,Lebanon
2000-10-25,Ghana,Uganda,1,2,Friendly,Nairobi,Kenya
2000-10-25,Malaysia,Sri Lanka,3,1,Friendly,Kuala Lumpur,Malaysia
2000-10-25,USA,Mexico,2,0,Friendly,Los Angeles,USA
2000-10-26,China PR,Japan,2,3,AFC Asian Cup,Beirut,Lebanon
2000-10-26,Korea Republic,Saudi Arabia,1,2,AFC Asian Cup,Beirut,Lebanon
2000-10-28,Eritrea,Rwanda,0,1,Friendly,Lusaka,Zambia
2000-10-28,Kenya,Uganda,1,1,Friendly,Nairobi,Kenya
2000-10-28,Singapore,Sri Lanka,4,0,Friendly,Singapore,Singapore
2000-10-29,China PR,Korea Republic,0,1,AFC Asian Cup,Beirut,Lebanon
2000-10-29,Japan,Saudi Arabia,1,0,AFC Asian Cup,Beirut,Lebanon
2000-10-29,Oman,Yemen,4,0,Friendly,Muscat,Oman
2000-10-29,Zambia,Rwanda,0,2,Friendly,Lusaka,Zambia
2000-10-30,Rwanda,Zimbabwe,1,0,Friendly,Lusaka,Zambia
2000-10-31,Oman,Yemen,4,0,Friendly,Muscat,Oman
2000-11-01,Singapore,Indonesia,1,0,Friendly,Singapore,Singapore
2000-11-05,Singapore,Cambodia,1,0,AFF Championship,Songkhla,Thailand
2000-11-05,Vietnam,Malaysia,0,0,AFF Championship,Songkhla,Thailand
2000-11-06,Indonesia,Philippines,3,0,AFF Championship,Chiang Mai,Thailand
2000-11-06,Thailand,Myanmar,3,1,AFF Championship,Chiang Mai,Thailand
2000-11-07,Cambodia,Vietnam,0,6,AFF Championship,Songkhla,Thailand
2000-11-07,Laos,Malaysia,0,5,AFF Championship,Songkhla,Thailand
2000-11-08,Myanmar,Philippines,3,0,AFF Championship,Chiang Mai,Thailand
2000-11-09,Malaysia,Cambodia,3,2,AFF Championship,Songkhla,Thailand
2000-11-09,Singapore,Laos,3,0,AFF Championship,Songkhla,Thailand
2000-11-10,Thailand,Indonesia,4,1,AFF Championship,Chiang Mai,Thailand
2000-11-11,Cambodia,Laos,3,0,AFF Championship,Songkhla,Thailand
2000-11-11,Vietnam,Singapore,1,0,AFF Championship,Songkhla,Thailand
2000-11-12,Myanmar,Indonesia,0,5,AFF Championship,Chiang Mai,Thailand
2000-11-12,Thailand,Philippines,2,0,AFF Championship,Chiang Mai,Thailand
2000-11-12,United Arab Emirates,Hong Kong,1,1,Friendly,Abu Dhabi,United Arab Emirates
2000-11-13,Laos,Vietnam,0,5,AFF Championship,Songkhla,Thailand
2000-11-13,Malaysia,Singapore,1,0,AFF Championship,Songkhla,Thailand
2000-11-14,Algeria,Bulgaria,1,2,Friendly,Algiers,Algeria
2000-11-15,Albania,Malta,3,0,Friendly,Tirana,Albania
2000-11-15,Barbados,USA,0,4,FIFA World Cup qualification,Bridgetown,Barbados
2000-11-15,Bolivia,Uruguay,0,0,FIFA World Cup qualification,La Paz,Bolivia
2000-11-15,Brazil,Colombia,1,0,FIFA World Cup qualification,São Paulo,Brazil
2000-11-15,Canada,Mexico,0,0,FIFA World Cup qualification,Toronto,Canada
2000-11-15,Chile,Argentina,0,2,FIFA World Cup qualification,Santiago,Chile
2000-11-15,Cyprus,Andorra,5,0,FIFA World Cup qualification,Limassol,Cyprus
2000-11-15,Denmark,Germany,2,1,Friendly,Copenhagen,Denmark
2000-11-15,El Salvador,Jamaica,2,0,FIFA World Cup qualification,San Salvador,El Salvador
2000-11-15,Estonia,Kyrgyz Republic,1,0,Friendly,Kuressaare,Estonia
2000-11-15,Greece,Slovakia,0,2,Friendly,Rhodes,Greece
2000-11-15,Guatemala,Costa Rica,2,1,FIFA World Cup qualification,Mazatenango,Guatemala
2000-11-15,Republic of Ireland,Finland,3,0,Friendly,Dublin,Republic of Ireland
2000-11-15,Italy,England,1,0,Friendly,Turin,Italy
2000-11-15,North Macedonia,Hungary,0,1,Friendly,Skopje,North Macedonia
2000-11-15,Paraguay,Peru,5,1,FIFA World Cup qualification,Asunción,Paraguay
2000-11-15,Poland,Iceland,1,0,Friendly,Warsaw,Poland
2000-11-15,Portugal,Israel,2,1,Friendly,Braga,Portugal
2000-11-15,San Marino,Latvia,0,1,FIFA World Cup qualification,Serravalle,San Marino
2000-11-15,Scotland,Australia,0,2,Friendly,Glasgow,Scotland
2000-11-15,Spain,Netherlands,1,2,Friendly,Seville,Spain
2000-11-15,Trinidad and Tobago,Panama,1,0,FIFA World Cup qualification,Port of Spain,Trinidad and Tobago
2000-11-15,Tunisia,Switzerland,1,1,Friendly,Tunis,Tunisia
2000-11-15,Turkey,France,0,4,Friendly,Istanbul,Turkey
2000-11-15,Venezuela,Ecuador,1,2,FIFA World Cup qualification,Maracaibo,Venezuela
2000-11-16,Thailand,Malaysia,2,0,AFF Championship,Bangkok,Thailand
2000-11-16,Vietnam,Indonesia,2,3,AFF Championship,Bangkok,Thailand
2000-11-18,Thailand,Indonesia,4,1,AFF Championship,Bangkok,Thailand
2000-11-18,Uganda,Ethiopia,2,2,CECAFA Cup,Kampala,Uganda
2000-11-18,Vietnam,Malaysia,0,3,AFF Championship,Bangkok,Thailand
2000-11-19,Djibouti,Somalia,0,0,CECAFA Cup,Kampala,Uganda
2000-11-19,Côte d'Ivoire,Libya,2,1,African Cup of Nations qualification,Abidjan,Côte d'Ivoire
2000-11-20,Uganda,Burundi,2,1,CECAFA Cup,Kampala,Uganda
2000-11-21,Oman,Bahrain,2,1,Friendly,Muscat,Oman
2000-11-21,Somalia,Ethiopia,1,2,CECAFA Cup,Kampala,Uganda
2000-11-22,Kenya,Rwanda,1,2,CECAFA Cup,Mbale,Uganda
2000-11-22,Morocco,Libya,0,0,Friendly,Casablanca,Morocco
2000-11-23,Djibouti,Burundi,2,4,CECAFA Cup,Kampala,Uganda
2000-11-23,Uganda,Somalia,6,0,CECAFA Cup,Kampala,Uganda
2000-11-24,IR Iran,Guam,19,0,FIFA World Cup qualification,Tabriz,IR Iran
2000-11-25,Eritrea,Rwanda,1,1,CECAFA Cup,Mbale,Uganda
2000-11-25,Ethiopia,Djibouti,4,2,CECAFA Cup,Kampala,Uganda
2000-11-26,Tajikistan,Guam,16,0,FIFA World Cup qualification,Tabriz,IR Iran
2000-11-27,Ethiopia,Burundi,1,0,CECAFA Cup,Kampala,Uganda
2000-11-27,Uganda,Djibouti,7,0,CECAFA Cup,Kampala,Uganda
2000-11-28,IR Iran,Tajikistan,2,0,FIFA World Cup qualification,Tabriz,IR Iran
2000-11-29,Uganda,Rwanda,3,1,CECAFA Cup,Kampala,Uganda
2000-12-02,Ethiopia,Rwanda,1,1,Friendly,Kampala,Uganda
2000-12-05,Algeria,Romania,3,2,Friendly,Annaba,Algeria
2000-12-08,Algeria,Romania,2,3,Friendly,Annaba,Algeria
2000-12-10,Hong Kong,Estonia,1,2,Friendly,So Kon Po,Hong Kong
2000-12-16,South Africa,Liberia,2,1,African Cup of Nations qualification,Johannesburg,South Africa
2000-12-20,Japan,Korea Republic,1,1,Friendly,Tokyo,Japan
2000-12-20,Mexico,Argentina,0,2,Friendly,Los Angeles,USA
