1993-08-08,Paraguay,Argentina,1,3,FIFA World Cup qualification,Asunción,Paraguay
1993-08-22,Argentina,Peru,2,1,FIFA World Cup qualification,Buenos Aires,Argentina
1993-11-17,Argentina,Australia,1,0,FIFA World Cup qualification,Buenos Aires,Argentina
1993-12-15,Argentina,Germany,2,1,Friendly,Miami,USA
1994-04-20,Argentina,Morocco,3,1,Friendly,Salta,Argentina
1994-05-31,Israel,Argentina,0,3,Friendly,Ramat-Gan,Israel
1994-06-21,Argentina,Greece,4,0,FIFA World Cup,Foxborough,USA
1994-06-25,Argentina,Nigeria,2,1,FIFA World Cup,Foxborough,USA
1994-11-16,Chile,Argentina,0,3,Friendly,Santiago,Chile
1995-01-08,Japan,Argentina,1,5,Confederations Cup,Riyadh,Saudi Arabia
1995-02-14,Argentina,Bulgaria,4,1,Friendly,Mendoza,Argentina
1995-05-31,Argentina,Peru,1,0,Friendly,Córdoba,Argentina
1995-06-14,Argentina,Paraguay,2,1,Friendly,Rosario,Argentina
1995-06-30,Argentina,Australia,2,0,Friendly,Quilmes,Argentina
1995-07-08,Argentina,Bolivia,2,1,Copa América,Paysandú,Uruguay
1995-07-11,Argentina,Chile,4,0,Copa América,Paysandú,Uruguay
1995-12-21,Argentina,Venezuela,6,0,Friendly,Mendoza,Argentina
1996-04-24,Argentina,Bolivia,3,1,FIFA World Cup qualification,Buenos Aires,Argentina
1996-10-09,Venezuela,Argentina,2,5,FIFA World Cup qualification,San Cristóbal,Venezuela
1997-02-12,Colombia,Argentina,0,1,FIFA World Cup qualification,Barranquilla,Colombia
1997-04-30,Argentina,Ecuador,2,1,FIFA World Cup qualification,Buenos Aires,Argentina
1997-06-08,Argentina,Peru,2,0,FIFA World Cup qualification,Buenos Aires,Argentina
1997-06-14,Argentina,Chile,2,0,Copa América,Cochabamba,Bolivia
1997-07-06,Paraguay,Argentina,1,2,FIFA World Cup qualification,Asunción,Paraguay
1997-07-20,Argentina,Venezuela,2,0,FIFA World Cup qualification,Buenos Aires,Argentina
1997-09-10,Chile,Argentina,1,2,FIFA World Cup qualification,Santiago,Chile
1998-03-10,Argentina,Bulgaria,2,0,Friendly,Buenos Aires,Argentina
1998-04-22,Republic of Ireland,Argentina,0,2,Friendly,Dublin,Republic of Ireland
1998-04-29,Brazil,Argentina,0,1,Friendly,Rio de Janeiro,Brazil
1998-05-14,Argentina,Bosnia and Herzegovina,5,0,Friendly,Córdoba,Argentina
1998-05-19,Argentina,Chile,1,0,Friendly,Mendoza,Argentina
1998-05-25,Argentina,South Africa,2,0,Friendly,Buenos Aires,Argentina
1998-06-14,Argentina,Japan,1,0,FIFA World Cup,Toulouse,France
1998-06-21,Argentina,Jamaica,5,0,FIFA World Cup,Paris,France
1998-06-26,Argentina,Croatia,1,0,FIFA World Cup,Bordeaux,France
1999-02-03,Venezuela,Argentina,0,2,Friendly,Maracaibo,Venezuela
1999-02-10,Mexico,Argentina,0,1,Friendly,Los Angeles,USA
1999-07-01,Argentina,Ecuador,3,1,Copa América,Luque,Paraguay
1999-07-07,Uruguay,Argentina,0,2,Copa América,Luque,Paraguay
1999-09-04,Argentina,Brazil,2,0,Friendly,Buenos Aires,Argentina
1999-10-13,Argentina,Colombia,2,1,Friendly,Córdoba,Argentina
1999-11-17,Spain,Argentina,0,2,Friendly,Seville,Spain
2000-03-29,Argentina,Chile,4,1,FIFA World Cup qualification,Buenos Aires,Argentina
2000-04-26,Venezuela,Argentina,0,4,FIFA World Cup qualification,Maracaibo,Venezuela
2000-06-04,Argentina,Bolivia,1,0,FIFA World Cup qualification,Buenos Aires,Argentina
2000-06-29,Colombia,Argentina,1,3,FIFA World Cup qualification,Bogotá,Colombia
2000-07-19,Argentina,Ecuador,2,0,FIFA World Cup qualification,Buenos Aires,Argentina
2000-09-03,Peru,Argentina,1,2,FIFA World Cup qualification,Lima,Peru
2000-10-08,Argentina,Uruguay,2,1,FIFA World Cup qualification,Buenos Aires,Argentina
2000-11-15,Chile,Argentina,0,2,FIFA World Cup qualification,Santiago,Chile
2000-12-20,Mexico,Argentina,0,2,Friendly,Los Angeles,USA
2001-02-28,Italy,Argentina,1,2,Friendly,Rome,Italy
2001-03-28,Argentina,Venezuela,5,0,FIFA World Cup qualification,Buenos Aires,Argentina
2001-06-03,Argentina,Colombia,3,0,FIFA World Cup qualification,Buenos Aires,Argentina
2001-08-15,Ecuador,Argentina,0,2,FIFA World Cup qualification,Quito,Ecuador
2001-09-05,Argentina,Brazil,2,1,FIFA World Cup qualification,Buenos Aires,Argentina
2001-11-08,Argentina,Peru,2,0,FIFA World Cup qualification,Buenos Aires,Argentina
2002-04-17,Germany,Argentina,0,1,Friendly,Stuttgart,Germany
2002-06-02,Argentina,Nigeria,1,0,FIFA World Cup,Kashima,Japan
2002-11-20,Japan,Argentina,0,2,Friendly,Saitama,Japan
2003-01-31,Honduras,Argentina,1,3,Friendly,San Pedro Sula,Honduras
2003-02-04,Mexico,Argentina,0,1,Friendly,Los Angeles,USA
2003-02-08,USA,Argentina,0,1,Friendly,Miami,USA
2003-04-30,Libya,Argentina,1,3,Friendly,Tripoli,Libya
2003-06-08,Japan,Argentina,1,4,Kirin Cup,Osaka,Japan
2003-06-11,Korea Republic,Argentina,0,1,Friendly,Seoul,Korea Republic
2003-08-20,Argentina,Uruguay,3,2,Friendly,Florence,Italy
2003-09-09,Venezuela,Argentina,0,3,FIFA World Cup qualification,Caracas,Venezuela
2003-11-15,Argentina,Bolivia,3,0,FIFA World Cup qualification,Buenos Aires,Argentina
2004-03-30,Argentina,Ecuador,1,0,FIFA World Cup qualification,Buenos Aires,Argentina
2004-04-28,Morocco,Argentina,0,1,Friendly,Casablanca,Morocco
2004-06-30,Argentina,Peru,2,1,Friendly,East Rutherford,USA
2004-07-07,Argentina,Ecuador,6,1,Copa América,Chiclayo,Peru
2004-07-13,Argentina,Uruguay,4,2,Copa América,Piura,Peru
2004-07-17,Peru,Argentina,0,1,Copa América,Chiclayo,Peru
2004-07-20,Argentina,Colombia,3,0,Copa América,Lima,Peru
2004-08-18,Japan,Argentina,1,2,Friendly,Fukuroi,Japan
2004-09-04,Peru,Argentina,1,3,FIFA World Cup qualification,Lima,Peru
2004-10-09,Argentina,Uruguay,4,2,FIFA World Cup qualification,Buenos Aires,Argentina
2004-11-17,Argentina,Venezuela,3,2,FIFA World Cup qualification,Buenos Aires,Argentina
2005-03-26,Bolivia,Argentina,1,2,FIFA World Cup qualification,La Paz,Bolivia
2005-03-30,Argentina,Colombia,1,0,FIFA World Cup qualification,Buenos Aires,Argentina
2005-06-08,Argentina,Brazil,3,1,FIFA World Cup qualification,Buenos Aires,Argentina
2005-06-15,Argentina,Tunisia,2,1,Confederations Cup,Cologne,Germany
2005-06-18,Australia,Argentina,2,4,Confederations Cup,Nuremberg,Germany
2005-08-17,Hungary,Argentina,1,2,Friendly,Budapest,Hungary
2005-10-09,Argentina,Peru,2,0,FIFA World Cup qualification,Buenos Aires,Argentina
2005-11-16,Qatar,Argentina,0,3,Friendly,Doha,Qatar
2006-05-30,Argentina,Angola,2,0,Friendly,Salerno,Italy
2006-06-10,Argentina,Côte d'Ivoire,2,1,FIFA World Cup,Hamburg,Germany
2006-06-16,Argentina,Serbia,6,0,FIFA World Cup,Gelsenkirchen,Germany
2006-06-24,Argentina,Mexico,2,1,FIFA World Cup,Leipzig,Germany
2007-02-07,France,Argentina,0,1,Friendly,Saint-Denis,France
2007-06-05,Algeria,Argentina,3,4,Friendly,Barcelona,Spain
2007-06-28,Argentina,USA,4,1,Copa América,Maracaibo,Venezuela
2007-07-02,Argentina,Colombia,4,2,Copa América,Maracaibo,Venezuela
2007-07-05,Argentina,Paraguay,1,0,Copa América,Barquisimeto,Venezuela
2007-07-08,Argentina,Peru,4,0,Copa América,Barquisimeto,Venezuela
2007-07-11,Mexico,Argentina,0,3,Copa América,Puerto Ordaz,Venezuela
2007-09-11,Australia,Argentina,0,1,Friendly,Melbourne,Australia
2007-10-13,Argentina,Chile,2,0,FIFA World Cup qualification,Buenos Aires,Argentina
2007-10-16,Venezuela,Argentina,0,2,FIFA World Cup qualification,Maracaibo,Venezuela
2007-11-17,Argentina,Bolivia,3,0,FIFA World Cup qualification,Buenos Aires,Argentina
2008-03-26,Egypt,Argentina,0,2,Friendly,Cairo,Egypt
2008-06-04,Mexico,Argentina,1,4,Friendly,San Diego,USA
2008-10-11,Argentina,Uruguay,2,1,FIFA World Cup qualification,Buenos Aires,Argentina
2008-11-19,Scotland,Argentina,0,1,Friendly,Glasgow,Scotland
2009-02-11,France,Argentina,0,2,Friendly,Marseille,France
2009-03-28,Argentina,Venezuela,4,0,FIFA World Cup qualification,Buenos Aires,Argentina
2009-05-20,Argentina,Panama,3,1,Friendly,Santa Fe,Argentina
2009-06-06,Argentina,Colombia,1,0,FIFA World Cup qualification,Buenos Aires,Argentina
2009-08-12,Russia,Argentina,2,3,Friendly,Moscow,Russia
2009-09-30,Argentina,Ghana,2,0,Friendly,Córdoba,Argentina
2009-10-10,Argentina,Peru,2,1,FIFA World Cup qualification,Buenos Aires,Argentina
2009-10-14,Uruguay,Argentina,0,1,FIFA World Cup qualification,Montevideo,Uruguay
2010-01-26,Argentina,Costa Rica,3,2,Friendly,San Juan,Argentina
2010-02-10,Argentina,Jamaica,2,1,Friendly,Mar del Plata,Argentina
2010-03-03,Germany,Argentina,0,1,Friendly,Munich,Germany
2010-05-05,Argentina,Haiti,4,0,Friendly,Cutral Có,Argentina
2010-05-24,Argentina,Canada,5,0,Friendly,Buenos Aires,Argentina
2010-06-12,Argentina,Nigeria,1,0,FIFA World Cup,Johannesburg,South Africa
2010-06-17,Argentina,Korea Republic,4,1,FIFA World Cup,Johannesburg,South Africa
2010-06-22,Greece,Argentina,0,2,FIFA World Cup,Polokwane,South Africa
2010-06-27,Argentina,Mexico,3,1,FIFA World Cup,Johannesburg,South Africa
2010-08-11,Republic of Ireland,Argentina,0,1,Friendly,Dublin,Republic of Ireland
2010-09-07,Argentina,Spain,4,1,Friendly,Buenos Aires,Argentina
2010-11-17,Argentina,Brazil,1,0,Friendly,Doha,Qatar
2011-02-09,Argentina,Portugal,2,1,Friendly,Geneva,Switzerland
2011-03-16,Argentina,Venezuela,4,1,Friendly,San Juan,Argentina
2011-05-25,Argentina,Paraguay,4,2,Friendly,Resistencia,Argentina
2011-06-20,Argentina,Albania,4,0,Friendly,Buenos Aires,Argentina
2011-07-11,Argentina,Costa Rica,3,0,Copa América,Córdoba,Argentina
2011-09-02,Argentina,Venezuela,1,0,Friendly,Calcutta,India
2011-09-06,Argentina,Nigeria,3,1,Friendly,Dhaka,Bangladesh
2011-10-07,Argentina,Chile,4,1,FIFA World Cup qualification,Buenos Aires,Argentina
2011-11-15,Colombia,Argentina,1,2,FIFA World Cup qualification,Barranquilla,Colombia
2012-02-29,Switzerland,Argentina,1,3,Friendly,Berne,Switzerland
2012-06-02,Argentina,Ecuador,4,0,FIFA World Cup qualification,Buenos Aires,Argentina
2012-06-09,Brazil,Argentina,3,4,Friendly,East Rutherford,USA
2012-08-15,Germany,Argentina,1,3,Friendly,Frankfurt am Main,Germany
2012-09-07,Argentina,Paraguay,3,1,FIFA World Cup qualification,Córdoba,Argentina
2012-10-12,Argentina,Uruguay,3,0,FIFA World Cup qualification,Mendoza,Argentina
2012-10-16,Chile,Argentina,1,2,FIFA World Cup qualification,Santiago,Chile
2012-11-21,Argentina,Brazil,2,1,Superclásico de las Américas,Buenos Aires,Argentina
2013-02-06,Sweden,Argentina,2,3,Friendly,Solna,Sweden
2013-03-22,Argentina,Venezuela,3,0,FIFA World Cup qualification,Buenos Aires,Argentina
2013-06-14,Guatemala,Argentina,0,4,Friendly,Guatemala,Guatemala
2013-08-14,Italy,Argentina,1,2,Friendly,Rome,Italy
2013-09-10,Paraguay,Argentina,2,5,FIFA World Cup qualification,Asunción,Paraguay
2013-10-11,Argentina,Peru,3,1,FIFA World Cup qualification,Buenos Aires,Argentina
2013-11-18,Argentina,Bosnia and Herzegovina,2,0,Friendly,St. Louis,USA
2014-06-04,Argentina,Trinidad and Tobago,3,0,Friendly,Buenos Aires,Argentina
2014-06-07,Argentina,Slovenia,2,0,Friendly,La Plata,Argentina
2014-06-15,Argentina,Bosnia and Herzegovina,2,1,FIFA World Cup,Rio de Janeiro,Brazil
2014-06-21,Argentina,IR Iran,1,0,FIFA World Cup,Belo Horizonte,Brazil
2014-06-25,Nigeria,Argentina,2,3,FIFA World Cup,Porto Alegre,Brazil
2014-07-01,Argentina,Switzerland,1,0,FIFA World Cup,São Paulo,Brazil
2014-07-05,Argentina,Belgium,1,0,FIFA World Cup,Brasília,Brazil
2014-09-03,Germany,Argentina,2,4,Friendly,Düsseldorf,Germany
2014-10-14,Hong Kong,Argentina,0,7,Friendly,So Kon Po,Hong Kong
2014-11-12,Argentina,Croatia,2,1,Friendly,London,England
2015-06-16,Argentina,Uruguay,1,0,Copa América,La Serena,Chile
2015-06-20,Argentina,Jamaica,1,0,Copa América,Viña del Mar,Chile
2015-06-30,Argentina,Paraguay,6,1,Copa América,Concepción,Chile
2015-11-17,Colombia,Argentina,0,1,FIFA World Cup qualification,Barranquilla,Colombia
2016-03-24,Chile,Argentina,1,2,FIFA World Cup qualification,Santiago,Chile
2016-03-29,Argentina,Bolivia,2,0,FIFA World Cup qualification,Córdoba,Argentina
2016-06-06,Argentina,Chile,2,1,Copa América,Santa Clara,USA
2016-06-10,Argentina,Panama,5,0,Copa América,Chicago,USA
2016-06-14,Argentina,Bolivia,3,0,Copa América,Seattle,USA
2016-06-18,Argentina,Venezuela,4,1,Copa América,Foxborough,USA
2016-06-21,USA,Argentina,0,4,Copa América,Houston,USA
2016-09-01,Argentina,Uruguay,1,0,FIFA World Cup qualification,Mendoza,Argentina
2016-11-15,Argentina,Colombia,3,0,FIFA World Cup qualification,San Juan,Argentina
2017-03-23,Argentina,Chile,1,0,FIFA World Cup qualification,Buenos Aires,Argentina
2017-06-09,Argentina,Brazil,1,0,Superclásico de las Américas,Melbourne,Australia
2017-06-13,Singapore,Argentina,0,6,Friendly,Kallang,Singapore
2017-10-10,Ecuador,Argentina,1,3,FIFA World Cup qualification,Quito,Ecuador
2017-11-11,Russia,Argentina,0,1,Friendly,Moscow,Russia
2018-03-23,Italy,Argentina,0,2,Friendly,Manchester,England
2018-05-29,Argentina,Haiti,4,0,Friendly,Buenos Aires,Argentina
2018-06-26,Nigeria,Argentina,1,2,FIFA World Cup,Saint Petersburg,Russia
2018-09-07,Argentina,Guatemala,3,0,Friendly,Los Angeles,USA
2018-10-11,Argentina,Iraq,4,0,Friendly,Riyadh,Saudi Arabia
2018-11-16,Argentina,Mexico,2,0,Friendly,Córdoba,Argentina
2018-11-20,Argentina,Mexico,2,0,Friendly,Mendoza,Argentina
2019-03-26,Morocco,Argentina,0,1,Friendly,Tangier,Morocco
2019-06-07,Argentina,Nicaragua,5,1,Friendly,San Juan,Argentina
2019-06-23,Qatar,Argentina,0,2,Copa América,Porto Alegre,Brazil
2019-06-28,Venezuela,Argentina,0,2,Copa América,Rio de Janeiro,Brazil
2019-07-06,Argentina,Chile,2,1,Copa América,São Paulo,Brazil
2019-09-10,Argentina,Mexico,4,0,Friendly,San Antonio,USA
2019-10-13,Ecuador,Argentina,1,6,Friendly,Elche,Spain
2019-11-15,Brazil,Argentina,0,1,Superclásico de las Américas,Riyadh,Saudi Arabia
2020-10-08,Argentina,Ecuador,1,0,FIFA World Cup qualification,Buenos Aires,Argentina
2020-10-13,Bolivia,Argentina,1,2,FIFA World Cup qualification,La Paz,Bolivia
2020-11-17,Peru,Argentina,0,2,FIFA World Cup qualification,Lima,Peru
2021-06-18,Argentina,Uruguay,1,0,Copa América,Brasília,Brazil
2021-06-21,Argentina,Paraguay,1,0,Copa América,Brasília,Brazil
2021-06-28,Argentina,Bolivia,4,1,Copa América,Cuiabá,Brazil
2021-07-03,Argentina,Ecuador,3,0,Copa América,Goiânia,Brazil
2021-07-10,Brazil,Argentina,0,1,Copa América,Rio de Janeiro,Brazil
2021-09-02,Venezuela,Argentina,1,3,FIFA World Cup qualification,Caracas,Venezuela
2021-09-09,Argentina,Bolivia,3,0,FIFA World Cup qualification,Buenos Aires,Argentina
2021-10-10,Argentina,Uruguay,3,0,FIFA World Cup qualification,Buenos Aires,Argentina
2021-10-14,Argentina,Peru,1,0,FIFA World Cup qualification,Buenos Aires,Argentina
2021-11-12,Uruguay,Argentina,0,1,FIFA World Cup qualification,Montevideo,Uruguay
2022-01-27,Chile,Argentina,1,2,FIFA World Cup qualification,Calama,Chile
2022-02-01,Argentina,Colombia,1,0,FIFA World Cup qualification,Córdoba,Argentina
2022-03-25,Argentina,Venezuela,3,0,FIFA World Cup qualification,Buenos Aires,Argentina
2022-06-01,Italy,Argentina,0,3,CONMEBOL–UEFA Cup of Champions,Paris,France
2022-06-05,Argentina,Estonia,5,0,Friendly,Pamplona,Spain
